{
	"IcoMoonType": "selection",
	"icons": [
		{
			"icon": {
				"paths": [
					"M204.8 104.335h102.4v819.2h-102.4v-819.2z",
					"M102.4 718.735h819.2v102.4h-819.2v-102.4z",
					"M358.4 155.535h51.2v512h-51.2v-512z",
					"M358.4 616.335h512v51.2h-512v-51.2z",
					"M460.8 155.535h51.2v409.6h-51.2v-409.6z",
					"M460.8 513.935h409.6v51.2h-409.6v-51.2z",
					"M563.2 155.535h51.2v307.2h-51.2v-307.2z",
					"M563.2 411.535h307.2v51.2h-307.2v-51.2z",
					"M665.6 155.535h51.2v204.8h-51.2v-204.8z",
					"M665.6 309.135h204.8v51.2h-204.8v-51.2z",
					"M768 155.535h51.2v102.4h-51.2v-102.4z",
					"M768 206.735h102.4v51.2h-102.4v-51.2z",
					"M239.152 748.64l538.288-540.577 36.28 36.127-538.288 540.577-36.28-36.127z"
				],
				"attrs": [
					{
						"fill": "rgb(49, 126, 172)"
					},
					{
						"fill": "rgb(49, 126, 172)"
					},
					{
						"fill": "rgb(49, 126, 172)"
					},
					{
						"fill": "rgb(49, 126, 172)"
					},
					{
						"fill": "rgb(49, 126, 172)"
					},
					{
						"fill": "rgb(49, 126, 172)"
					},
					{
						"fill": "rgb(49, 126, 172)"
					},
					{
						"fill": "rgb(49, 126, 172)"
					},
					{
						"fill": "rgb(49, 126, 172)"
					},
					{
						"fill": "rgb(49, 126, 172)"
					},
					{
						"fill": "rgb(49, 126, 172)"
					},
					{
						"fill": "rgb(49, 126, 172)"
					},
					{
						"fill": "rgb(49, 126, 172)"
					}
				],
				"isMulticolor": false,
				"grid": 0,
				"tags": [
					"livescript"
				],
				"colorPermutations": {
					"1412155512391650149126172190991201961812041": [
						1,
						1,
						1,
						1,
						1,
						1,
						1,
						1,
						1,
						1,
						1,
						1,
						1
					]
				}
			},
			"attrs": [
				{
					"fill": "rgb(49, 126, 172)"
				},
				{
					"fill": "rgb(49, 126, 172)"
				},
				{
					"fill": "rgb(49, 126, 172)"
				},
				{
					"fill": "rgb(49, 126, 172)"
				},
				{
					"fill": "rgb(49, 126, 172)"
				},
				{
					"fill": "rgb(49, 126, 172)"
				},
				{
					"fill": "rgb(49, 126, 172)"
				},
				{
					"fill": "rgb(49, 126, 172)"
				},
				{
					"fill": "rgb(49, 126, 172)"
				},
				{
					"fill": "rgb(49, 126, 172)"
				},
				{
					"fill": "rgb(49, 126, 172)"
				},
				{
					"fill": "rgb(49, 126, 172)"
				},
				{
					"fill": "rgb(49, 126, 172)"
				}
			],
			"properties": {
				"order": 63,
				"id": 45,
				"prevSize": 32,
				"code": 59648,
				"name": "livescript"
			},
			"setIdx": 0,
			"setId": 1,
			"iconIdx": 0
		},
		{
			"icon": {
				"paths": [
					"M291.023 262.908l221.529 221.529 221.526-221.529z",
					"M736.294 223.143l-223.143-223.143h-485.036l223.14 223.143z",
					"M783.177 270.028l241.415 241.415-242.516 242.516-241.415-241.415 242.516-242.516z",
					"M569.385 0l455.719 455.716v-455.716z",
					"M0 996.991l484.433-484.44-484.433-484.433z",
					"M1025.103 567.184l-214.902 214.902 214.902 214.905z",
					"M996.985 1025.103l-484.433-484.433-484.43 484.433z"
				],
				"attrs": [
					{
						"fill": "rgb(239, 165, 0)"
					},
					{
						"fill": "rgb(141, 215, 55)"
					},
					{
						"fill": "rgb(141, 215, 55)"
					},
					{
						"fill": "rgb(96, 181, 204)"
					},
					{
						"fill": "rgb(90, 99, 120)"
					},
					{
						"fill": "rgb(239, 165, 0)"
					},
					{
						"fill": "rgb(96, 181, 204)"
					}
				],
				"isMulticolor": true,
				"width": 1025,
				"grid": 0,
				"tags": [
					"elm"
				],
				"colorPermutations": {
					"1412155512391650190991201961812041": [
						1,
						2,
						2,
						3,
						0,
						1,
						3
					]
				}
			},
			"attrs": [
				{
					"fill": "rgb(239, 165, 0)"
				},
				{
					"fill": "rgb(141, 215, 55)"
				},
				{
					"fill": "rgb(141, 215, 55)"
				},
				{
					"fill": "rgb(96, 181, 204)"
				},
				{
					"fill": "rgb(90, 99, 120)"
				},
				{
					"fill": "rgb(239, 165, 0)"
				},
				{
					"fill": "rgb(96, 181, 204)"
				}
			],
			"properties": {
				"order": 64,
				"id": 44,
				"prevSize": 32,
				"code": 59649,
				"codes": [
					59649,
					59650,
					59651,
					59652,
					59653,
					59654,
					59655
				],
				"name": "elm"
			},
			"setIdx": 0,
			"setId": 1,
			"iconIdx": 1
		},
		{
			"icon": {
				"paths": [
					"M822.92 214.285h-617.464c-28.42 0-51.456 23.034-51.456 51.456v514.554c0 28.422 23.034 51.456 51.456 51.456h617.464c28.422 0 51.456-23.034 51.456-51.456v-514.554c0-28.422-23.034-51.456-51.456-51.456zM256.91 574.473l102.912-102.91-102.912-102.91 51.456-51.456 154.368 154.366-154.368 154.366-51.456-51.456zM668.552 625.929h-205.82v-51.456h205.82v51.456z"
				],
				"attrs": [
					{}
				],
				"isMulticolor": false,
				"defaultCode": 59029,
				"grid": 0
			},
			"attrs": [
				{}
			],
			"properties": {
				"order": 65,
				"id": 43,
				"prevSize": 32,
				"code": 59029,
				"name": "shell"
			},
			"setIdx": 0,
			"setId": 1,
			"iconIdx": 2
		},
		{
			"icon": {
				"paths": [
					"M147.792 778.229l171.394-257.086-171.394-257.086h128.542l171.394 257.086-171.392 257.086h-128.544zM319.186 778.229l171.394-257.086-171.394-257.086h128.542l342.782 514.172h-128.542l-107.118-160.676-107.122 160.676h-128.542zM876.208 628.265h-142.828l-57.126-85.694 199.956-0.006zM876.208 499.721h-228.518l-57.134-85.692 285.652-0.006z"
				],
				"attrs": [
					{}
				],
				"isMulticolor": false,
				"defaultCode": 58999,
				"grid": 0
			},
			"attrs": [
				{}
			],
			"properties": {
				"order": 66,
				"id": 42,
				"prevSize": 32,
				"code": 58999,
				"name": "haskel"
			},
			"setIdx": 0,
			"setId": 1,
			"iconIdx": 3
		},
		{
			"icon": {
				"paths": [
					"M512.54 673.397v0.002zM151.776 112.611l65.566 735.392 294.216 81.672 295.036-81.792 65.63-735.27h-720.448zM736 280.815l-22.166 248.542h-0.002l-15.346 171.476-1.358 15.242-185.004 51.286-184.75-51.286-12.636-141.618h90.536l6.422 71.93 100.53 27.092 0.262-0.070 0.050-0.014 100.284-27.072 10.518-116.968-210.514 0.016-1.808-20.27-4.114-45.724-2.154-24.198 226.602-0.010 8.24-92.358h-345.14l-1.804-20.274-4.114-45.724-2.154-24.2h451.784l-2.164 24.202z"
				],
				"attrs": [
					{}
				],
				"isMulticolor": false,
				"defaultCode": 58953,
				"grid": 0
			},
			"attrs": [
				{}
			],
			"properties": {
				"order": 67,
				"id": 41,
				"prevSize": 32,
				"code": 58953,
				"name": "css3"
			},
			"setIdx": 0,
			"setId": 1,
			"iconIdx": 4
		},
		{
			"icon": {
				"paths": [
					"M401.824 743.031c0 0-31.44 18.282 22.374 24.468 65.192 7.438 98.512 6.372 170.352-7.224 0 0 18.892 11.842 45.268 22.1-161.054 69.026-364.494-3.998-237.994-39.344zM382.142 652.959c0 0-35.262 26.102 18.59 31.672 69.64 7.182 124.64 7.772 219.802-10.55 0 0 13.164 13.344 33.862 20.642-194.72 56.936-411.606 4.488-272.254-41.764zM548.048 500.167c39.686 45.688-10.428 86.8-10.428 86.8s100.764-52.014 54.49-117.152c-43.22-60.744-76.366-90.926 103.062-194.988 0.002 0-281.642 70.342-147.124 225.34zM761.052 809.655c0 0 23.264 19.168-25.624 33.998-92.96 28.164-386.914 36.666-468.574 1.124-29.352-12.77 25.694-30.492 43.010-34.208 18.058-3.918 28.378-3.188 28.378-3.188-32.646-22.994-211.004 45.156-90.598 64.672 328.37 53.25 598.58-23.98 513.408-62.398zM416.94 559.637c0 0-149.524 35.512-52.95 48.408 40.776 5.458 122.062 4.222 197.776-2.12 61.882-5.22 124.020-16.318 124.020-16.318s-21.822 9.344-37.608 20.124c-151.838 39.932-445.164 21.356-360.718-19.492 71.416-34.52 129.48-30.602 129.48-30.602zM685.168 709.563c154.354-80.204 82.984-157.284 33.174-146.9-12.21 2.542-17.654 4.744-17.654 4.744s4.532-7.098 13.19-10.172c98.544-34.646 174.334 102.182-31.812 156.372-0.002 0 2.39-2.134 3.102-4.044zM592.112 106.797c0 0 85.478 85.51-81.080 217-133.562 105.478-30.456 165.62-0.054 234.334-77.964-70.342-135.178-132.262-96.792-189.894 56.338-84.596 212.414-125.612 177.926-261.44zM432.108 926.905c148.16 9.486 375.67-5.262 381.056-75.368 0 0-10.354 26.576-122.444 47.682-126.454 23.798-282.418 21.020-374.922 5.768 0.002 0 18.936 15.674 116.31 21.918z"
				],
				"attrs": [
					{}
				],
				"isMulticolor": false,
				"defaultCode": 58936,
				"grid": 0
			},
			"attrs": [
				{}
			],
			"properties": {
				"order": 68,
				"id": 40,
				"prevSize": 32,
				"code": 58936,
				"name": "java"
			},
			"setIdx": 0,
			"setId": 1,
			"iconIdx": 5
		},
		{
			"icon": {
				"paths": [
					"M274.348 233.839c0 0 475.304-47.532 475.304-126.748v190.124c0 0 0 79.216-475.304 126.746zM276.348 487.339c0 0 475.304-47.532 475.304-126.75v190.118c0 0 0 79.218-475.304 126.75zM276.348 740.833c0 0 475.304-47.53 475.304-126.746v190.122c0 0 0 79.216-475.304 126.748z"
				],
				"attrs": [
					{}
				],
				"isMulticolor": false,
				"defaultCode": 58935,
				"grid": 0
			},
			"attrs": [
				{}
			],
			"properties": {
				"order": 69,
				"id": 39,
				"prevSize": 32,
				"code": 58935,
				"name": "scala"
			},
			"setIdx": 0,
			"setId": 1,
			"iconIdx": 6
		},
		{
			"icon": {
				"paths": [
					"M149.266 109.143l66.022 741.628 296.268 82.372 297.086-82.486 66.092-741.514h-725.468zM286.438 285.143l-2.174-24.402h227.422v90.958h-128.166l8.3 93.14h119.866v90.958h-202.926l-22.322-250.654zM720.582 469.267l-21.342 239.462-1.366 15.366-186.292 51.724-186.040-51.724-12.724-142.816h91.17l6.466 72.542 101.232 27.324 101.294-27.38 10.542-117.966h-111.522v-90.958h210.798l-2.216 24.426zM737.022 285.143l-4.136 46.112-1.822 20.446h-219.064v-90.958h227.194l-2.172 24.4z"
				],
				"attrs": [
					{}
				],
				"isMulticolor": false,
				"defaultCode": 58934,
				"grid": 0
			},
			"attrs": [
				{}
			],
			"properties": {
				"order": 70,
				"id": 38,
				"prevSize": 32,
				"code": 58934,
				"name": "html5"
			},
			"setIdx": 0,
			"setId": 1,
			"iconIdx": 7
		},
		{
			"icon": {
				"paths": [
					"M804.37 102.622c-7.902 1.058-15.872 3.21-23.262 6.128-27.956 11.092-48.708 31.76-68.524 53.332-38.706 42.070-69.018 90.026-96.496 139.826-33.706 61.030-61.508 124.706-80.88 191.726-7.714 26.692-14.336 53.966-12.972 82.33 0.75 15.838 11.196 25.532 26.35 23.006 28.092-4.726 45.586-23.996 60.912-45.808 1.11-1.57-0.682-5.206-1.246-8.772-10.736 9.9-18.706 18.638-28.076 25.462-8.842 6.468-15.89 3.362-17.168-7.304-1.23-10.206-0.342-20.668-0.12-31.028 0.852-38.64 10.052-75.894 21.64-112.23 11.212-35.294 24.816-70.058 40.158-103.798 22.46-49.408 50.842-95.504 90.146-133.7 20.856-20.274 43.436-37.904 74.564-40.072 16.452-1.126 24.422 2.492 29.524 16.794 0.682 1.93 2.748 4.472 4.37 4.626 1.586 0.138 4.506-2.132 4.948-3.84 2.492-9.592 5.7-19.302 6.23-29.1 0.87-16.486-13.942-29.712-30.106-27.58zM481.928 426.89c-21.094-0.308-58.83 25.174-66.236 45.004-0.716 1.964 0.716 4.726 1.126 7.134 1.998-0.734 4.54-0.94 5.888-2.304 4.234-4.266 7.834-9.234 12.048-13.568 5.87-6.008 12.46-13.226 21.522-9.166 9.096 4.096 8.5 14.762 7.51 22.374-4.37 34.27-7.988 68.864-15.77 102.434-11.214 48.264-29.252 94.464-51.422 138.94-25.002 50.158-53.966 97.536-96.528 135.134-19.474 17.168-40.806 30.6-68.096 30.77-16.708 0.102-21.316-3.038-26.402-18.364-0.546-1.674-2.424-2.9-4.864-5.666-9.062 13.226-12.8 26.198-10.616 40.294 1.826 11.894 11.008 22.134 20.77 21.692 11.844-0.528 24.218-1.86 35.242-5.87 21.948-7.97 38.606-24.166 54.818-40.328 38.826-38.758 68.864-84.106 96.188-131.294 40.822-70.606 74.12-144.434 95.522-223.334 6.606-24.37 11.264-49.134 9.472-74.668-0.802-11.69-8.43-19.062-20.174-19.216z"
				],
				"attrs": [
					{}
				],
				"isMulticolor": false,
				"defaultCode": 58880,
				"grid": 0
			},
			"attrs": [
				{}
			],
			"properties": {
				"id": 0,
				"order": 71,
				"prevSize": 32,
				"code": 58880,
				"name": "stylus"
			},
			"setIdx": 0,
			"setId": 1,
			"iconIdx": 8
		},
		{
			"icon": {
				"paths": [
					"M536.474 398.576h315.904v71.202h-315.904v-71.202zM181.198 398.576h250.214v71.202h-250.214v-71.202zM323.754 574.874h305.68v71.202h-305.68v-71.202zM191.438 737.74h263.286v71.236h-263.286v-71.236zM80.452 215.006h359.884v71.202h-359.884v-71.202zM736.922 574.874h206.626v71.202h-206.626v-71.202z"
				],
				"attrs": [
					{}
				],
				"isMulticolor": false,
				"defaultCode": 58881,
				"grid": 0
			},
			"attrs": [
				{}
			],
			"properties": {
				"id": 1,
				"order": 72,
				"prevSize": 32,
				"code": 58881,
				"name": "site"
			},
			"setIdx": 0,
			"setId": 1,
			"iconIdx": 9
		},
		{
			"icon": {
				"paths": [
					"M584.806 558.916c-42.462 26.572-84.942 53.13-127.88 80.010 13.5 32.716 14.388 66.714 2.884 100.234-19.558 57.020-59.888 90.334-119.876 97.774-13.278 1.654-27.392-1.058-40.788-3.618-12.56-2.406-20.002-12.51-25.088-23.568-14.114-30.652-8.754-60.228 10.684-85.692 13.056-17.1 29.968-31.982 47.394-44.8 20.548-15.12 43.52-26.948 65.452-40.158 3.156-1.894 6.452-3.534 11.214-6.126-8.396-6.4-15.666-12.066-23.074-17.528-28.178-20.77-57.326-40.346-84.274-62.6-16.196-13.346-30.362-29.816-43.024-46.678-22.478-29.936-25.31-62.736-9.644-97.264 15.82-34.902 39.508-63.626 67.738-88.832 56.832-50.774 123.308-84.838 194.236-111.002 49.732-18.33 100.932-26.964 153.736-20.086 18.996 2.492 38.384 7.032 55.962 14.474 55.024 23.246 75.554 67.6 59.068 125.116-13.962 48.76-44.374 86.1-86.34 113.118-56.678 36.488-119.466 49.766-186.418 41.676-23.108-2.782-43.11-12.972-58.266-30.942-4.454-5.308-6.946-12.356-9.678-18.876-0.65-1.552 0.974-4.762 2.492-6.178 0.734-0.7 4.3 0.358 5.53 1.638 27.29 28.246 61.558 30.856 97.4 25.958 61.712-8.414 115.746-32.87 158.346-79.478 16.434-18.006 28.996-38.35 33.74-62.822 5.802-30.070-4.83-50.704-33.058-62.48-27.888-11.622-57.19-12.612-86.716-9.796-72.806 6.928-136.942 37.188-198.23 74.718-31.3 19.182-61.302 40.5-83.832 69.906-10.478 13.67-19.49 29.286-25.532 45.362-10.802 28.622-6.194 56.678 13.484 80.23 12.938 15.478 28.144 29.234 43.382 42.564 23.040 20.156 46.9 39.374 70.674 58.674 1.928 1.57 6.332 2.082 8.568 0.99 10.104-4.948 20.24-10.034 29.594-16.162 31.13-20.36 65.486-31.812 101.77-38.316 2.406-0.428 4.762-1.058 7.168-1.57 0.41 0.666 0.802 1.382 1.212 2.134zM429.21 651.092c-30.514 17.818-58.982 35.874-83.012 59.904-13.516 13.5-23.040 29.594-25.566 48.964-3.004 22.886 8.294 33.11 31.026 28.006 28.81-6.486 49.596-24.182 65.126-48.47 17.322-27.034 20.856-56.236 12.426-88.404z"
				],
				"attrs": [
					{}
				],
				"isMulticolor": false,
				"defaultCode": 58883,
				"grid": 0
			},
			"attrs": [
				{}
			],
			"properties": {
				"id": 3,
				"order": 73,
				"prevSize": 32,
				"code": 58883,
				"name": "sass"
			},
			"setIdx": 0,
			"setId": 1,
			"iconIdx": 10
		},
		{
			"icon": {
				"paths": [
					"M782.13 344.048c-23.672-21.538-50.092-38.81-79.48-51.44-34.9-14.95-71.082-21.026-108.972-15.53-37.75 5.496-72.278 18.944-103.562 40.772-31.266 21.828-56.404 49.528-77.568 81.068-12.68 18.91-23.108 39.134-33.604 59.324-17.050 32.784-32.87 66.15-45.38 100.982-14.012 38.962-23.842 79.002-30.396 119.842-4.592 28.484-7.306 57.122-6.282 86 0.188 4.88 0.666 9.746 1.024 14.66 89.036 0 177.698 0 266.616 0-0.24-0.614-0.358-0.956-0.478-1.246-14.164-34.458-25.038-69.938-33.126-106.274-5.716-25.634-9.778-51.524-11.674-77.722-1.23-16.964-1.486-33.946-0.528-50.944 1.212-21.948 4.336-43.572 11.196-64.496 19.678-59.938 57.822-103.63 115.302-129.946 22.426-10.29 45.942-15.344 70.758-11.844 21.504 3.056 40.432 11.64 56.236 26.726 0.29 0.272 0.63 0.494 1.058 0.818 3.994-6.024 7.936-11.914 11.81-17.75-1.076-1.092-1.962-2.098-2.952-3.004zM244.958 645.616c-2.014 16.828-4.010 33.366-6.026 50.108 16.468 2.030 32.734 3.994 49.118 6.024 3.022-17.458 6.008-34.644 9.012-52.122-17.476-1.366-34.714-2.678-52.104-4.010zM341.164 496.264c-15.428-6.042-30.686-12.014-46.096-18.058-5.052 14.13-10 28.024-15.036 42.102 15.718 5.034 31.25 9.984 47.104 15.052 4.71-13.106 9.354-26.044 14.028-39.1zM589.67 696.558c-0.7-1.452-1.552-1.842-3.090-1.842-13.158 0.068-26.3 0.034-39.458 0.034-0.716 0-1.418 0-2.424 0 0.188 0.768 0.29 1.246 0.394 1.74 2.9 10.462 5.888 20.908 8.636 31.438 0.614 2.372 1.724 3.038 4.010 3.174 15.326 0.768 30.652 1.674 45.978 2.51 1.23 0.068 2.458 0.018 3.874 0.018-0.358-0.768-0.58-1.28-0.818-1.774-5.682-11.776-11.452-23.5-17.1-35.294zM419.328 368.98c-11.776-7.764-23.346-15.36-35.088-23.074-9.454 10.462-18.722 20.736-28.074 31.096 12.168 8.106 24.082 16.026 36.096 24.030 9.13-10.752 18.058-21.35 27.068-32.050zM530.654 604.246c-0.102 1.366 0.75 1.638 1.674 2.030 12.784 5.462 25.566 10.956 38.35 16.434 0.562 0.24 1.144 0.394 1.826 0.63 0-1.126 0.052-2.030-0.018-2.97-0.528-9.268-1.16-18.568-1.638-27.852-0.068-1.586-0.63-2.356-1.98-3.072-11.452-5.956-22.886-11.998-34.322-18.004-0.546-0.29-1.126-0.546-1.98-0.956-0.63 11.52-1.246 22.63-1.91 33.758zM520.568 286.788c-7.834-8.822-15.498-17.408-23.108-26.028-0.94-1.058-1.62-0.7-2.544-0.238-9.966 5.17-19.934 10.308-29.902 15.428-0.478 0.256-0.922 0.562-1.502 0.94 8.038 9.694 15.94 19.268 23.978 28.962 11.042-6.366 22-12.664 33.076-19.064zM533.59 505.276c11.298 9.626 22.51 19.218 33.962 28.962 0.188-0.428 0.29-0.614 0.342-0.802 2.492-10.292 5.018-20.548 7.442-30.838 0.172-0.666-0.358-1.74-0.886-2.236-1.28-1.194-2.798-2.202-4.216-3.26-7.798-5.904-15.6-11.826-23.586-17.904-4.404 8.772-8.688 17.374-13.056 26.078zM627.712 271.77c-0.12-0.99-0.154-1.758-0.29-2.51-1.058-6.86-2.168-13.756-3.192-20.634-0.528-3.534-0.324-2.902-3.516-3.072-8.586-0.428-17.168-0.904-25.77-1.196-4.676-0.17-9.37-0.034-14.148-0.034 1.91 9.182 3.89 18.756 5.888 28.466 13.74-0.34 27.274-0.682 41.028-1.024zM605.85 427.794c0.784-1.314 0.63-2.186-0.188-3.38-5.956-8.842-11.826-17.714-17.75-26.572-0.376-0.562-0.802-1.092-1.264-1.774-7.030 6.366-13.908 12.596-20.976 18.996 9.728 10.77 19.336 21.332 29.066 32.084 3.822-6.674 7.408-13.038 11.11-19.354zM655.872 357.956c-9.438 2.372-18.672 4.658-28.076 7.032 4.42 8.174 8.704 16.026 13.038 24.030 6.16-4.864 12.15-9.558 18.058-14.302 0.41-0.308 0.818-1.058 0.734-1.502-1.196-5.034-2.458-10.034-3.754-15.258zM719.956 293.29c8.96 4.83 17.972 9.66 27.12 14.576 2.014-3.038 3.958-5.956 6.042-9.028-10.99-7.97-21.862-15.906-32.734-23.808-0.172 0.172-0.256 0.222-0.256 0.274-0.358 5.598-0.734 11.162-1.058 16.76-0.018 0.392 0.462 0.99 0.886 1.228zM739.5 357.582c-6.316-1.314-12.596-2.764-18.894-4.164-2.116-0.462-4.232-0.938-6.452-1.434 0 5.188 0 10.036 0 15.020 8.96 0.99 17.818 1.98 26.898 2.988 0-3.652-0.034-7.048 0.034-10.428 0.034-1.246-0.358-1.706-1.586-1.98z"
				],
				"attrs": [
					{}
				],
				"isMulticolor": false,
				"defaultCode": 58884,
				"grid": 0
			},
			"attrs": [
				{}
			],
			"properties": {
				"id": 4,
				"order": 74,
				"prevSize": 32,
				"code": 58884,
				"name": "rails"
			},
			"setIdx": 0,
			"setId": 1,
			"iconIdx": 11
		},
		{
			"icon": {
				"paths": [
					"M864.836 240.212c0 0-278.442 6.588-299.622 6.878-2.662 0.016-4.676 0.87-6.758 2.424-48.332 35.516-145.818 105.42-145.818 105.42-49.084 34.526-98.082 69.12-147.166 103.646-2.098 1.486-3.584 3.14-4.472 5.666-6.998 19.968-101.836 281.838-101.836 281.838l561.818 37.7 143.856-543.572z"
				],
				"attrs": [
					{}
				],
				"isMulticolor": false,
				"defaultCode": 58885,
				"grid": 0
			},
			"attrs": [
				{}
			],
			"properties": {
				"id": 5,
				"order": 75,
				"prevSize": 32,
				"code": 58885,
				"name": "rb"
			},
			"setIdx": 0,
			"setId": 1,
			"iconIdx": 12
		},
		{
			"icon": {
				"paths": [
					"M497.8 497.322c-21.402 0-42.802-0.068-64.204 0-44.902 0.17-74.77 29.918-75.162 74.99-0.138 18.74-0.238 37.462 0.138 56.202 0.138 6.674-2.064 9.028-8.67 8.738-9.506-0.394-19.028-0.528-28.536-0.052-30.106 1.552-50.004-13.534-63.898-38.588-9.968-17.988-14.508-37.7-16.502-57.804-3.498-35.346-3.6-70.656 8.738-104.688 10.736-29.524 29.628-50.534 62.226-55.996 3.772-0.63 7.63-0.886 11.468-0.904 57.992-0.086 115.968-0.050 173.926-0.256 3.396-0.016 9.3-1.246 9.694-2.936 1.194-5 0.802-10.65-0.392-15.718-0.308-1.314-5.734-1.996-8.842-2.014-36.234-0.172-72.534-0.444-108.8 0.018-9.028 0.118-11.964-2.372-11.468-11.486 0.768-13.942 0.836-27.988 0.068-41.898-1.194-21.898 9.3-37.070 27.836-45.586 15.172-6.962 31.642-12.664 48.060-15.070 38.606-5.666 77.5-5.854 115.9 2.884 16.35 3.704 31.88 9.574 45.022 20.446 13.602 11.212 20.838 25.26 20.668 43.316-0.308 38.348 0 76.698-0.034 115.046-0.034 43.998-27 71.048-71.236 71.372-22 0.17-43.998 0.034-65.998 0.034 0-0.016 0-0.034 0-0.050zM408.27 304.248c0.102 13.244 11.162 24.32 24.404 24.438 13.142 0.138 25.106-12.014 24.9-25.226s-11.366-23.98-24.798-23.996c-14.216-0.016-24.644 10.548-24.508 24.782zM526.198 526.678c21.402 0 42.802 0.052 64.206-0.018 44.902-0.172 74.77-29.918 75.162-75.008 0.172-18.722 0.24-37.444-0.136-56.182-0.136-6.674 2.066-9.028 8.67-8.756 9.506 0.41 19.028 0.546 28.534 0.068 30.106-1.552 50.004 13.534 63.898 38.588 9.966 17.972 14.506 37.682 16.504 57.806 3.5 35.344 3.6 70.672-8.738 104.67-10.702 29.558-29.628 50.552-62.208 56.014-3.806 0.63-7.664 0.886-11.504 0.886-57.958 0.086-115.968 0.052-173.926 0.274-3.396 0.018-9.302 1.246-9.728 2.934-1.16 5-0.768 10.65 0.428 15.718 0.308 1.298 5.734 1.996 8.842 2.014 36.268 0.172 72.534 0.444 108.8-0.018 9.028-0.12 11.964 2.372 11.47 11.486-0.768 13.926-0.836 27.972-0.068 41.9 1.23 21.898-9.302 37.068-27.836 45.586-15.206 6.962-31.642 12.664-48.060 15.070-38.606 5.666-77.5 5.854-115.9-2.884-16.332-3.722-31.862-9.558-45.004-20.428-13.602-11.212-20.838-25.26-20.668-43.316 0.308-38.332 0-76.698 0.034-115.046 0.034-43.998 27-71.048 71.236-71.374 22-0.172 43.998-0.034 65.996-0.034 0 0 0 0.018 0 0.052zM615.73 719.736c-0.102-13.244-11.162-24.32-24.404-24.438-13.14-0.136-25.14 12.014-24.9 25.226s11.4 23.98 24.798 23.996c14.216 0.018 24.644-10.548 24.508-24.78z"
				],
				"attrs": [
					{}
				],
				"isMulticolor": false,
				"defaultCode": 58886,
				"grid": 0
			},
			"attrs": [
				{}
			],
			"properties": {
				"id": 6,
				"order": 76,
				"prevSize": 32,
				"code": 58886,
				"name": "py"
			},
			"setIdx": 0,
			"setId": 1,
			"iconIdx": 13
		},
		{
			"icon": {
				"paths": [
					"M724.394 428.084c-9.284-38.128-30.994-66.22-67.038-82.722-17.134-7.818-35.278-12.084-53.898-14.302-30.326-3.702-60.586-2.098-90.744 2.082-46.438 6.452-91.58 18.398-135.63 34.406-0.82 0.324-1.758 0.528-3.088 0.94 0-89.208 0-177.818 0-266.086-42.53 0-84.668 0-126.396 0 0 138.564 0 276.394 0 414.924 1.912-0.716 3.072-1.11 4.080-1.502 29.782-10.87 59.376-22.238 89.31-32.546 51.404-17.75 103.322-33.52 157.168-42.308 22.034-3.686 44.236-5.922 66.628-3.6 10.668 1.108 21.076 3.446 30.226 9.438 7.048 4.626 11.692 10.974 12.476 19.594 0.358 3.14-0.324 6.314-0.324 9.524 0 147.456 0 294.794 0 442.164 0 1.196 0 2.322 0 3.516 40.908 0 81.51 0 122.318 0 0-1.28 0-2.322 0-3.466 0-148.394 0-296.858 0-445.338 0.034-15.12-1.52-30.054-5.086-44.714zM772.932 102.554c-44.134 0-88.404 0-132.608-0.084-2.424 0-3.466 0.802-4.472 2.986-19.696 43.606-41.472 86.134-67.908 126.14-7.030 10.668-14.764 20.89-22.374 31.606 0.972 0 1.774 0.172 2.594 0.172 42.836 0 85.674-0.086 128.462 0 2.22 0 3.5-0.7 4.762-2.406 17.254-22.562 33.604-45.774 48.658-69.904 16.88-26.982 32.394-54.75 44.63-84.19 0.562-1.28 1.058-2.61 1.69-4.318-1.486 0-2.424 0-3.43 0zM249.686 919.808c42.258-42.222 84.548-84.53 126.396-126.38-42-42.018-84.308-84.24-126.396-126.31 0 83.986 0 168.55 0 252.688z"
				],
				"attrs": [
					{}
				],
				"isMulticolor": false,
				"defaultCode": 58887,
				"grid": 0
			},
			"attrs": [
				{}
			],
			"properties": {
				"id": 7,
				"order": 77,
				"prevSize": 32,
				"code": 58887,
				"name": "procfile"
			},
			"setIdx": 0,
			"setId": 1,
			"iconIdx": 14
		},
		{
			"icon": {
				"paths": [
					"M420.626 612.164c-2.56-16.692-9.592-30.26-26.692-36.83-6.674-2.56-12.492-7.22-19.062-10.188-7.476-3.362-15.104-6.554-23.006-8.654-5.974-1.586-11.536 1.092-15.104 6.35-3.362 4.932-0.94 9.558 1.894 13.688 3.174 4.626 6.674 9.062 10.24 13.414 5.904 7.22 12.134 14.164 17.868 21.52 5.462 6.996 10.138 14.78 9.334 24.048-1.774 20.342-10.974 37.206-25.838 50.944-1.638 1.486-4.506 2.544-6.64 2.338-9.472-1.024-18.074-4.608-25.036-11.246-7.97-7.596-6.74-16.504 2.798-22.050 2.27-1.314 4.626-2.544 6.706-4.13 5.836-4.386 7.764-11.86 4.608-18.364-1.502-3.14-3.21-6.52-5.7-8.806-12.202-11.11-24.166-22.562-37.204-32.666-31.642-24.576-47.906-57.072-50.398-96.444-2.8-43.708 7.338-84.514 30.396-121.856 8.738-14.182 18.928-27.666 34.526-34.68 10.632-4.778 22.272-7.442 33.638-10.428 31.266-8.208 62.806-14.404 95.368-8.908 28.040 4.71 48.538 19.132 57.958 46.694 6.162 18.022 7.664 36.642 5.734 55.706-3.772 37.478-31.472 70.962-67.568 80.912-15.632 4.3-24.202 1.894-33.604-11.128-6.74-9.37-12.338-19.574-18.398-29.474-0.904-1.486-1.536-3.156-2.304-4.726-0.734-1.552-1.536-3.072-2.304-4.626 2.27 16.264 6.042 31.916 14.9 45.842 4.796 7.596 11.196 13.192 20.564 14.030 34.492 3.090 63.608-8.226 84.292-35.976 23.126-31.028 28.228-66.748 21.538-104.364-1.298-7.424-3.534-14.676-5.104-22.084-1.040-4.762 0.836-8.276 5.53-9.966 2.168-0.75 4.404-1.332 6.606-1.808 28.228-6.094 56.764-8.090 85.538-5.188 32.63 3.26 63.504 12.238 91.136 30.38 43.23 28.432 70.008 68.914 84.566 117.878 2.1 7.118 2.442 14.882 2.628 22.374 0.136 4.984-3.072 6.314-6.894 3.174-4.198-3.43-8.038-7.322-11.64-11.366-3.362-3.822-6.058-8.176-9.302-12.152-2.526-3.122-4.726-2.644-5.938 1.246-0.768 2.356-1.434 4.71-2.1 7.084-7.562 26.948-19.472 51.508-38.758 72.21-2.698 2.918-5.102 7.22-5.394 11.058-0.836 10.634-1.434 21.47-0.428 32.052 2.1 22.75 5.394 45.398 7.97 68.114 1.434 12.818-2.698 20.378-14.764 24.816-8.466 3.106-17.562 5.376-26.538 6.006-14.268 0.99-28.672 0.274-43.008 0.274-0.394-16.010 1.006-31.726-14.062-40.278 2.9-11.878 6.264-23.142 8.294-34.662 1.674-9.558 0.24-18.978-6.468-26.828-6.298-7.39-14.198-9.404-21.436-5.188-21.794 12.698-44.442 12.766-67.534 4.454-10.598-3.84-17.972-1.674-23.824 7.986-6.298 10.41-8.96 22.068-8.26 33.876 0.904 14.866 3.5 29.61 5.462 44.424 1.092 8.278 0.17 10.428-8.072 12.528-18.262 4.642-36.864 5.154-55.536 3.652-1.008-0.086-1.998-0.512-2.628-0.682-0.94-15.514 0.7-31.658-17.8-39.902 8.192-17.374 7.066-35.396 4.25-53.418zM310.17 551.254c2.73-2.56 4.898-6.554 5.666-10.24 1.928-9.216-5-21.554-13.004-24.986-4.266-1.842-7.97-1.196-10.974 2.22-7.338 8.294-14.574 16.674-21.76 25.072-1.228 1.452-2.304 3.14-3.174 4.83-2.868 5.548-1.194 9.558 4.966 11.058 3.702 0.922 7.56 1.126 11.366 1.654 9.916-0.972 19.508-2.628 26.914-9.61zM311.006 459.128c-0.034-6.588-5.53-12.1-12.032-12.134-6.674-0.034-12.46 5.94-12.238 12.544 0.274 6.622 5.802 11.93 12.372 11.794 6.656-0.102 11.964-5.53 11.894-12.202z"
				],
				"attrs": [
					{}
				],
				"isMulticolor": false,
				"defaultCode": 58888,
				"grid": 0
			},
			"attrs": [
				{}
			],
			"properties": {
				"id": 8,
				"order": 78,
				"prevSize": 32,
				"code": 58888,
				"name": "php"
			},
			"setIdx": 0,
			"setId": 1,
			"iconIdx": 15
		},
		{
			"icon": {
				"paths": [
					"M663.636 213.18c0 111.734 0 211.83 0 317.27 44.032 0 84.976 0 121.428 0-93.322 94.6-186.164 188.74-277.742 281.498-87.228-89.992-179.678-185.36-268.39-276.856 26.522 0 66.936 0 112.060 0 0-106.87 0-208.026 0-323.038 40.21 28.006 140.612 99.822 159.794 99.43 16.98-0.358 112.812-70.060 152.85-98.304z"
				],
				"attrs": [
					{}
				],
				"isMulticolor": false,
				"defaultCode": 58889,
				"grid": 0
			},
			"attrs": [
				{}
			],
			"properties": {
				"id": 9,
				"order": 79,
				"prevSize": 32,
				"code": 58889,
				"name": "md"
			},
			"setIdx": 0,
			"setId": 1,
			"iconIdx": 16
		},
		{
			"icon": {
				"paths": [
					"M609.552 398.932c-8.806-78.472-69.068-132.71-148.308-135.51-17.51-0.65-35.088-0.086-52.564-0.086-4.83-48.076 13.808-110.712 89.206-118.39 32.084-3.276 61.918 3.208 85.538 27.274 23.040 23.432 29.97 52.564 28.518 84.48-0.188 4.558-0.188 10.718 2.424 13.67 10.326 11.196 21.726 21.436 33.69 32.956 9.044-31.676 11.28-63.114 2.884-94.874-17.050-64.41-70.434-104.55-140.408-106-39.118-0.802-74.65 8.328-103.68 35.994-48.522 46.234-67.686 151.364 4.71 216.95 10.89 9.846 24.166 18.006 37.716 23.518 16.044 6.572 30.772-5.75 30.856-23.040 0.084-15.276-7.286-23.586-24.252-28.4-4.234-1.194-8.072-3.994-12.118-6.076 0.614-1.28 1.162-2.56 1.758-3.84 15.89-1.912 30.6 0.886 42.854 12.406 12.032 11.298 15.478 25.532 11.366 41.132-6.4 24.558-29.918 36.49-58.164 29.594-38.928-9.592-63.284-36.49-81.526-70.076-5.204-9.524-8.96-19.762-13.962-30.892-26.35 23.69-47.24 50.654-54.716 84.72-13.722 62.48 4.642 116.394 49.714 161.28 4.334 4.268 5.716 7.596 4.676 13.774-4.676 27.204-8.584 54.528-12.834 81.886-9.166 59.102-18.244 118.306-27.512 177.426-3.004 18.928-4.796 37.734 1.604 56.302 4.762 13.774 11.998 25.77 27.12 33.468 2.236-14.73 4.234-28.432 6.314-42.102 9.132-59.188 18.278-118.34 27.426-177.526 5.716-37.102 11.52-74.24 17.202-111.428 0.922-5.82 2.576-10.222 10.086-9.010 7.902 1.348 8.226 6.622 7.27 12.716-5.274 34.782-10.632 69.682-16.044 104.482-11.64 74.956-23.33 149.914-34.678 224.854-0.392 2.406 1.912 7.492 3.31 7.63 16.436 1.604 33.074 4.472 49.322 3.072 18.586-1.638 30.908-15.872 43.024-28.86 11.282-11.998 12.202-26.13 2.798-39.1-2.764-3.772-5.564-7.526-8.33-11.264-10.428-14.506-8.55-23.638 6.572-32.274 4.626-2.628 9.354-5.206 13.876-7.902 7.884-4.898 9.25-15.856 2.85-22.648-9.404-9.9-18.944-19.678-28.228-29.678-7.406-8.004-5.204-19.662 4.318-24.61 11.794-6.178 23.758-12.1 35.362-18.756 8.516-4.796 9.234-11.35 2.798-18.706-4.012-4.506-8.142-8.892-12.168-13.294-9.846-10.702-7.372-26.794 5.204-34.048 4.318-2.492 8.43-5.548 13.022-7.39 6.758-2.798 9.13-7.918 10-14.576 1.366-10.24 2.406-20.548 4.726-30.548 1.126-4.642 3.994-9.9 7.68-12.646 12.238-9.198 25.292-17.356 37.922-26.044 52.89-36.54 70.656-88.712 63.76-149.982zM735.88 802.866c-1.4-7.782-4.642-13.158-14.234-13.482-8.55-0.308-17.068-1.16-21.898-11.81-5.256-11.504-3.294-21.282 1.536-31.454 6.606-13.892 1.808-24.73-12.834-27.342-7.834-1.468-15.804-2.492-23.722-3.466-6.11-0.802-11.076-3.208-12.322-9.644-1.314-7.202-2.22-14.576-2.764-21.948-0.836-11.93 8.722-18.142 14.9-26.044 7.578-9.882 6.928-15.684-3.686-22.75-5.256-3.534-10.668-6.794-16.010-10.154-12.63-8.090-14.95-14.882-8.806-28.552 1.842-4.096 5.394-7.526 8.55-10.906 5.938-6.4 7.048-13.244 3.208-21.094-4.216-8.636-7.748-17.75-12.664-26.028-4.454-7.442-3.55-13.158 0.24-20.856 27.732-56.882 36.642-115.456 10.564-175.36-17.544-40.328-49.034-65.212-91.154-76.476-1.11 0.956-2.236 1.996-3.362 3.038 3.482 4.25 6.366 9.198 10.48 12.732 43.126 36.318 66.082 83.354 66.406 138.906 0.324 61.764-26.64 111.804-76.954 148.326-7.322 5.256-9.352 9.592-6.28 17.716 12.834 34.338 24.030 69.24 38.212 102.894 27.836 66.338 57.276 131.924 85.914 197.836 2.082 4.726 3.994 7.698 10.24 5.836 38.928-11.64 63.488-50.33 56.438-89.924zM522.172 594.38c-1.842 12.494-3.958 24.798-5.36 37.256-0.802 7.168-2.594 15.292-0.102 21.47 24.32 61.9 48.98 123.682 74.634 185.072 7.834 18.706 19.354 35.908 36.114 48.298 5.734 4.302 12.784 6.86 19.166 10.24 0.596-0.802 1.178-1.706 1.792-2.492-41.25-100.062-82.518-200.124-123.768-300.22-0.852 0.12-1.638 0.188-2.476 0.376z"
				],
				"attrs": [
					{}
				],
				"isMulticolor": false,
				"defaultCode": 58890,
				"grid": 0
			},
			"attrs": [
				{}
			],
			"properties": {
				"id": 10,
				"order": 80,
				"prevSize": 32,
				"code": 58890,
				"name": "license"
			},
			"setIdx": 0,
			"setId": 1,
			"iconIdx": 17
		},
		{
			"icon": {
				"paths": [
					"M270.216 491.572c43.348-1.262 47.736-23.858 47.736-42.718 0-15.7-1.878-32.034-3.772-48.98-1.878-16.964-3.14-33.93-3.14-49.63 0-59.034 37.052-84.786 95.472-84.786h21.982v53.384h-11.314c-28.262 0-38.314 16.964-38.314 44.596 0 11.314 1.878 22.612 3.14 35.806 1.262 12.562 3.14 27 3.14 42.718 0.63 47.736-18.842 65.314-53.384 72.858v1.264c34.544 7.526 54.016 25.754 53.384 73.49 0 16.332-1.878 30.77-3.14 43.964-1.262 12.562-3.14 24.508-3.14 35.174 0 27.63 9.42 45.226 38.314 45.226h11.314v52.77h-22.612c-55.892 0-94.838-22.63-94.838-85.436 0-15.702 1.246-32.666 3.14-49.63 1.894-16.93 3.772-33.264 3.772-48.964 0-17.596-4.404-41.472-47.736-42.736v-48.368zM753.818 539.922c-42.718 1.264-47.736 25.14-47.736 42.736 0 15.702 1.876 32.034 3.772 48.964 1.876 16.964 3.772 33.928 3.772 49.63 0 62.804-38.946 85.436-95.488 85.436h-22.614v-52.77h11.316c28.894-0.63 38.316-17.596 38.316-45.226 0-10.668-1.264-22.596-3.14-35.174-1.264-13.192-3.14-27.63-3.14-43.964-0.63-47.736 18.842-65.962 54.016-73.49v-1.264c-35.174-7.526-54.648-25.122-54.016-72.858 0-15.718 1.876-30.156 3.14-42.718 1.876-13.192 3.14-24.508 3.14-35.806 0-27.632-10.052-43.964-38.316-44.596h-11.316v-53.384h21.982c59.034 0 96.102 25.754 96.102 84.788 0 15.702-1.894 32.666-3.772 49.63-1.876 16.948-3.772 33.28-3.772 48.98 0 18.842 5.018 41.454 47.736 42.718v48.368z"
				],
				"attrs": [
					{}
				],
				"isMulticolor": false,
				"defaultCode": 58891,
				"grid": 0
			},
			"attrs": [
				{}
			],
			"properties": {
				"id": 11,
				"order": 81,
				"prevSize": 32,
				"code": 58891,
				"name": "json"
			},
			"setIdx": 0,
			"setId": 1,
			"iconIdx": 18
		},
		{
			"icon": {
				"paths": [
					"M353.074 293.682h87.194v244.394c0 110.13-52.786 148.598-137.694 148.598-20.070 0-46.474-3.466-63.658-9.198l9.746-70.572c12.048 4.028 27.528 6.894 44.75 6.894 36.71 0 59.666-16.64 59.666-76.868v-243.25zM515.994 590.284c23.518 12.066 59.664 24.116 96.956 24.116 40.174 0 61.39-16.64 61.39-41.866 0-24.098-18.346-37.87-64.818-54.51-64.274-22.392-106.138-57.958-106.138-114.158 0-65.98 55.074-116.462 146.278-116.462 43.606 0 75.742 9.182 98.678 19.508l-19.524 70.554c-15.48-7.458-43.024-18.346-80.88-18.346s-56.218 17.202-56.218 37.292c0 24.66 21.794 35.568 71.698 54.494 68.284 25.242 100.404 60.808 100.404 115.302 0 64.836-49.904 119.894-156.058 119.894-44.168 0-87.774-11.47-109.568-23.5l17.802-72.312z"
				],
				"attrs": [
					{}
				],
				"isMulticolor": false,
				"defaultCode": 58892,
				"grid": 0
			},
			"attrs": [
				{}
			],
			"properties": {
				"id": 12,
				"order": 82,
				"prevSize": 32,
				"code": 58892,
				"name": "js"
			},
			"setIdx": 0,
			"setId": 1,
			"iconIdx": 19
		},
		{
			"icon": {
				"paths": [
					"M756.36 551.476c42.634 0 77.328-34.56 77.328-77.21 0-42.786-34.698-77.346-77.328-77.346-42.786 0-77.362 34.56-77.362 77.346 0 42.65 34.594 77.21 77.364 77.21zM279.33 313.072v534.254h657.954v-534.254h-657.954zM308.582 340.874h599.38v465.152l-154.368-175.736-96.206 111.94-187.7-204.766-161.092 200.208v-396.8zM730.674 148.616h-612.592v464.742h80.914v-390.64h531.678z"
				],
				"attrs": [
					{}
				],
				"isMulticolor": false,
				"defaultCode": 58893,
				"grid": 0
			},
			"attrs": [
				{}
			],
			"properties": {
				"id": 13,
				"order": 83,
				"prevSize": 32,
				"code": 58893,
				"name": "img"
			},
			"setIdx": 0,
			"setId": 1,
			"iconIdx": 20
		},
		{
			"icon": {
				"paths": [
					"M244.412 501.384c-1.246-5.070-1.194-10.974-3.994-14.728-5.58-7.56-17.084-5.070-21.896 3.908-7.764 14.508 0.29 31.198 17.306 36.266 11.11 3.328 21.932 2.134 30.874-4.864 15.822-12.372 31.198-25.394 46.13-38.826 20.702-18.638 41.608-37.070 68.438-46.268 37.75-12.972 74.086-11.092 106.752 14.13 7.084 5.462 12.476 13.142 18.586 19.832 1.758 1.894 3.242 4.062 5.324 6.74 3.84-4.932 6.946-9.234 10.36-13.33 19.336-23.074 44.39-33.604 74.222-34.8 34.918-1.398 64.29 12.032 90.452 33.366 17.716 14.404 34.082 30.396 51.216 45.5 9.61 8.43 19.542 16.572 32.496 19.508 15.496 3.5 31.914-5.428 36.746-19.762 2.832-8.396 0.12-15.736-5.462-21.692-4.42-4.658-10.326-5.802-16.11-1.928-5.462 3.668-7.834 8.602-5.136 15.206 0.256 0.63 0.41 1.366 0.546 2.032 0.034 0.17-0.256 0.392-0.716 1.040-8.942-6.228-13.5-14.574-12.168-25.532 1.332-11.094 8.908-17.46 18.638-20.804 27.87-9.506 56.918 7.306 63.42 36.164 4.506 20.002 4.454 39.764-4.88 58.3-10.36 20.566-28.416 32-50.092 38.058-43.366 12.134-84.702 3.924-124.826-13.466-28.534-12.408-56.678-25.668-85.11-38.264-34.424-15.24-70.674-20.496-107.212-12.458-23.006 5.068-45.004 15.036-66.952 24.030-27.408 11.23-53.794 25.072-81.546 35.26-33.62 12.374-68.642 15.206-103.458 4.404-35.412-11.008-59.238-35.738-55.21-82.604 1.826-21.504 9.95-39.1 30.908-47.99 12.972-5.53 26.384-6.094 39.218 0.63 18.5 9.712 19.61 31.146 3.14 42.94z"
				],
				"attrs": [
					{}
				],
				"isMulticolor": false,
				"defaultCode": 58895,
				"grid": 0
			},
			"attrs": [
				{}
			],
			"properties": {
				"id": 15,
				"order": 84,
				"prevSize": 32,
				"code": 58895,
				"name": "hbs"
			},
			"setIdx": 0,
			"setId": 1,
			"iconIdx": 21
		},
		{
			"icon": {
				"paths": [
					"M643.43 728.252c-5.548 8.876-10.718 15.6-14.198 23.108-3.448 7.476-6.724 15.6-7.51 23.722-3.312 33.4-6.16 66.884-8.174 100.352-0.682 11.93-5.666 18.962-16.35 22.562-23.568 7.952-47.154 15.77-70.74 23.602-11.726 0-23.466 0-35.21 0-4.506-1.434-9.046-2.56-13.362-4.284-18.756-7.408-37.682-14.318-55.876-22.836-4.574-2.168-8.908-9.456-9.37-14.712-2.032-24.456-2.918-48.964-3.788-73.49-0.974-25.122-1.486-50.192-18.654-70.996-0.716-0.886-0.138-2.798-0.138-4.028 84.14 20.736 167.544 21.402 253.372-3.004zM691.028 321.826c-4.284 45.004-8.516 89.378-12.85 135.218l1.058 0.974-13.908 131.516h0.068c-2.866 31.658-6.86 67.516-9.078 103.51-1.348 21.862-14.234 31.642-32.938 34.662-30.924 5-62.054 9.728-93.302 11.794-45.312 3.004-90.35-1.196-134.348-13.602-15.12-4.268-20.804-14.866-22.17-29.474-1.434-15.36-3.668-30.652-5.376-45.996-3.242-29.116-6.366-58.284-9.712-89.174 0.238 0.172 0.462 0.342 0.7 0.478l-3.328-30.038c-1.246-2.918-2.098-6.196-2.406-10.12-4.284-50.312-11.742-100.404-17.596-150.63-1.878-16.026-2.936-32.204-4.42-48.948 121.19 29.696 239.906 29.56 359.612-0.17zM331.076 304.094c6.86-2.322 12.972-5.598 19.37-6.35 30.072-3.6 60.228-6.282 90.3-10 4.404-0.562 12.338-6.452 11.93-7.562-9.54-27.238-8.96-58.078-30.566-81.032-25.122-26.71-49.272-54.324-73.83-81.426 19.54-19.968 19.54-20.002 36.404-2.492 11.826 12.288 22.716 25.684 35.6 36.746 34.714 29.934 57.498 66.338 62.72 112.196 2.252 19.406 12.084 22.528 29.746 23.194 53.13 2.082 106.172 6.452 159.198 10.478 6.572 0.512 12.85 4.49 20.976 7.51-53.846 38.674-330.19 35.67-361.846-1.262z"
				],
				"attrs": [
					{}
				],
				"isMulticolor": false,
				"defaultCode": 58896,
				"grid": 0
			},
			"attrs": [
				{}
			],
			"properties": {
				"id": 16,
				"order": 85,
				"prevSize": 32,
				"code": 58896,
				"name": "gulp"
			},
			"setIdx": 0,
			"setId": 1,
			"iconIdx": 22
		},
		{
			"icon": {
				"paths": [
					"M721.766 529.254c14.062-6.758 28.076-13.858 40.926-22.204 29.798-19.336 30.106-53.828-0.802-71.474-7.408-4.214-10.634-10.274-11.674-17.714-2.338-17.852-1.57-34.202 9.83-50.978 20.992-30.924 6.042-59.324-34.304-63.060-0.938-0.102-2.066 0.102-2.73-0.308-1.4-0.82-3.396-1.758-3.702-2.952-4.13-15.872-5.102-30.208 12.698-40.090 8.772-4.83 18.774-8.038 28.466-11.366 5.326-1.826 11.196-2.372 17.596-3.668-1.23-1.706-1.894-2.884-2.832-3.874-22.972-24.61-53.198-32.58-87.706-29.098-37.172 3.772-63.642 23.5-86.134 48.128-4.626 5.104-8.704 5.358-14.966 3.668-6.758-1.894-6.058-6.622-5.632-10.668 0.7-6.486 2.030-13.004 4.096-19.268 2.1-6.502 5.36-12.664 8.568-20.002-19.404-0.512-32.734 9.422-46.9 18.466-8.106-15.138-8.96-29.968-3.328-46.302-28.57 9.336-49.526 23.006-55.534 51.046-11.606-10.308-8.26-22.99-11.008-34.254-2.132 0.666-3.362 0.888-4.368 1.418-1.86 0.972-3.738 1.98-5.324 3.208-16.794 12.834-27.034 28.826-29.594 48.606-0.392 3.038-2.834 5.87-4.3 8.806-3.396-1.706-7.306-2.9-10.138-5.17-13.226-10.564-24.832-23.194-39.492-31.83-37.138-21.794-76.306-23.262-114.928-2.492-8.534 4.626-15.292 11.878-23.194 18.158 14.132 4.25 26.54 6.894 37.838 11.606 21.964 9.114 29.902 21.93 20.292 47.292-6.332 1.178-12.766 1.946-18.928 3.618-21.862 5.836-33.468 22.034-28.074 41.694 2.698 9.866 9.028 18.962 13.704 28.4 1.57 3.21 4.3 6.434 4.404 9.694 0.308 10.616-0.274 21.266-0.768 31.898-0.342 8.004-5.734 13.090-12.202 18.33-7.526 6.094-15.292 13.176-19.268 21.264-8.14 16.436-1.536 34.56 16.828 47.292 12.8 8.876 26.93 16.434 41.334 23.126 18.262 8.5 26.47 21.692 26.3 39.202-0.204 18.058-1.298 36.096-2.372 54.134-0.428 7.492-1.792 14.966-2.97 24.236-19.508-15.616-30.634-33.298-35.926-55.158-18.004 15.138-27.274 32.75-29.936 52.804-5.462 41.626 9.2 84.992 62.874 104.328 3.294 1.196 6.606 4.062 8.33 6.912 19.54 31.778 48.572 51.78 89.242 57.72 2.628 0.358 5.53 1.092 7.63 2.476 33.826 21.966 72.26 24.764 112.094 21.436 22.134-1.86 42.736-7.936 61.338-19.098 4.13-2.492 9.164-4.49 14.062-5.274 38.894-6.298 66.372-25.942 85.64-55.91 2.372-3.686 6.674-7.15 11.008-8.908 18.33-7.492 34.338-17.424 45.106-32.836 16.572-23.722 20.002-49.664 14.576-76.716-3.568-17.92-12.596-33.452-28.894-47.036-5.172 22.39-16.298 39.936-36.302 53.554-2.476-28.534-4.302-56.866-3.702-85.164 0.29-13.038 9.49-23.074 23.158-29.644zM448.496 699.99c21.264-0.034 42.53 0.018 63.76 0.018 28.672 0 57.326-0.256 85.966 0.172-28.638-0.41-57.294-0.172-85.966-0.172-21.23 0-42.496-0.052-63.762-0.018z"
				],
				"attrs": [
					{}
				],
				"isMulticolor": false,
				"defaultCode": 58897,
				"grid": 0
			},
			"attrs": [
				{}
			],
			"properties": {
				"id": 17,
				"order": 86,
				"prevSize": 32,
				"code": 58897,
				"name": "grunt"
			},
			"setIdx": 0,
			"setId": 1,
			"iconIdx": 23
		},
		{
			"icon": {
				"paths": [
					"M238.932 219.87h520.586v74.598h-520.586v-74.598zM238.932 389.87h446.6v74.598h-446.6v-74.598zM238.932 559.856h546.134v74.598h-546.134v-74.598zM238.932 729.532h320.050v74.616h-320.050v-74.616z"
				],
				"attrs": [
					{}
				],
				"isMulticolor": false,
				"defaultCode": 58898,
				"grid": 0
			},
			"attrs": [
				{}
			],
			"properties": {
				"id": 18,
				"order": 87,
				"prevSize": 32,
				"code": 58898,
				"name": "default"
			},
			"setIdx": 0,
			"setId": 1,
			"iconIdx": 24
		},
		{
			"icon": {
				"paths": [
					"M923.068 222.054c43.606 0 79.002 35.362 79.002 79.002v620.544h-980.14v-699.546h901.136zM21.932 912.076v-809.678h414.72c43.656 0 78.984 35.362 78.984 79.002v730.674h-493.704z"
				],
				"attrs": [
					{}
				],
				"isMulticolor": false,
				"defaultCode": 58899,
				"grid": 0
			},
			"attrs": [
				{}
			],
			"properties": {
				"id": 19,
				"order": 88,
				"prevSize": 32,
				"code": 58899,
				"name": "dir"
			},
			"setIdx": 0,
			"setId": 1,
			"iconIdx": 25
		},
		{
			"icon": {
				"paths": [
					"M330.274 721.852l25.822-127.966h-80.418v-65.774h96.324l15.89-80.060h-84.394v-66.474h98.304l24.832-124.4h88.37l-24.814 124.4h90.35l25.822-124.4h88.37l-25.822 124.4h79.428v66.476h-93.338l-15.89 80.060h82.414v65.774h-97.314l-24.832 127.966h-89.36l24.832-127.966h-90.368l-24.832 127.966h-89.378zM550.724 528.11l15.89-80.060h-90.368l-15.89 80.060h90.368z"
				],
				"attrs": [
					{}
				],
				"isMulticolor": false,
				"defaultCode": 58900,
				"grid": 0
			},
			"attrs": [
				{}
			],
			"properties": {
				"id": 20,
				"order": 89,
				"prevSize": 32,
				"code": 58900,
				"name": "css"
			},
			"setIdx": 0,
			"setId": 1,
			"iconIdx": 26
		},
		{
			"icon": {
				"paths": [
					"M730.88 529.306c-12.066-4.658-24.166-9.232-34.288-13.124-1.178-22.068-2.39-42.786-3.174-63.522-0.086-1.81 2.066-4.608 3.874-5.444 11.486-5.444 23.194-10.394 34.764-15.684 12.494-5.682 17.374-18.516 11.776-31.164-9.49-21.486-19.046-42.974-28.672-64.392-5.802-12.918-18.552-17.698-31.658-11.948-11.4 5.018-22.836 10.018-34.15 15.274-3.362 1.57-5.274 1.16-7.85-1.774-7.116-8.072-14.506-15.956-22.306-23.346-7.030-6.674-14.78-12.612-22.596-19.2 4.864-12.424 9.778-24.644 14.472-36.966 6.092-15.99 0.546-28.366-15.462-34.56-20.122-7.798-40.26-15.514-60.432-23.212-16.964-6.486-29.098-1.16-35.618 15.634-4.778 12.27-9.438 24.592-13.396 34.986-22.050 1.144-42.786 2.338-63.522 3.14-1.81 0.068-4.592-2.082-5.462-3.908-5.444-11.486-10.394-23.176-15.666-34.748-5.682-12.494-18.534-17.374-31.164-11.776-21.488 9.49-42.956 19.046-64.394 28.672-12.902 5.786-17.714 18.552-11.964 31.642 5 11.436 10.018 22.852 15.274 34.168 1.552 3.346 1.298 5.342-1.774 7.868-6.094 4.966-12.048 10.274-17.426 16.010-8.584 9.198-16.69 18.842-25.394 28.79-12.134-4.762-24.354-9.678-36.676-14.37-15.99-6.092-28.382-0.546-34.576 15.428-7.714 19.9-15.326 39.834-22.954 59.768-6.844 17.886-1.706 29.696 16.010 36.574 12.050 4.676 24.15 9.25 34.32 13.142 1.162 22.050 2.354 42.77 3.14 63.506 0.068 1.808-2.064 4.608-3.874 5.462-11.486 5.444-23.194 10.394-34.748 15.668-12.492 5.682-17.408 18.62-11.844 31.164 9.506 21.504 19.080 42.956 28.706 64.376 5.82 12.938 18.534 17.732 31.642 11.98 11.418-5 22.836-10.018 34.15-15.258 3.362-1.57 5.274-1.212 7.868 1.74 7.118 8.072 14.49 15.956 22.288 23.33 7.032 6.706 14.78 12.646 22.612 19.25-4.864 12.39-9.762 24.61-14.474 36.914-6.094 16.010-0.562 28.382 15.428 34.576 19.9 7.714 39.834 15.308 59.766 22.956 17.904 6.86 29.714 1.724 36.592-16.010 4.676-12.066 9.25-24.15 13.142-34.322 22.050-1.16 42.77-2.356 63.504-3.158 1.81-0.068 4.608 2.066 5.462 3.89 5.444 11.486 10.394 23.178 15.668 34.748 5.682 12.494 18.552 17.39 31.148 11.794 21.504-9.49 42.974-19.028 64.394-28.672 12.902-5.786 17.716-18.568 11.98-31.642-5.018-11.418-10.018-22.836-15.274-34.134-1.57-3.38-1.196-5.292 1.758-7.868 8.072-7.116 15.956-14.506 23.346-22.306 6.69-7.048 12.612-14.78 18.756-22.050 0.614 0.068 0.886 0.034 1.092 0.12 12.1 4.608 24.182 9.25 36.302 13.808 16.026 6.042 28.382 0.528 34.594-15.446 7.698-19.9 15.308-39.834 22.956-59.768 6.878-17.938 1.724-29.73-15.99-36.608zM506.488 596.856c-59.766 26.606-129.296-0.358-156.040-60.534-26.418-59.442 0.478-129.058 60.108-155.63 59.954-26.674 129.468 0.050 156.212 60.058 26.658 59.82-0.188 129.348-60.278 156.11z"
				],
				"attrs": [
					{}
				],
				"isMulticolor": false,
				"defaultCode": 58901,
				"grid": 0
			},
			"attrs": [
				{}
			],
			"properties": {
				"id": 21,
				"order": 90,
				"prevSize": 32,
				"code": 58901,
				"name": "settings"
			},
			"setIdx": 0,
			"setId": 1,
			"iconIdx": 27
		},
		{
			"icon": {
				"paths": [
					"M522.786 685.996c0-14.49 0-28.962 0-44.22 131.738 0 263.218 0 395.844 0 0-3.722 0-6.656 0-9.592 0-81.988 0-163.976 0.018-245.966 0-3.054 0.136-6.092 0.222-9.148 0.512 2.030 1.468 4.062 1.468 6.11 0.068 100.932 0.068 201.866 0.068 302.798-132.54 0.018-265.096 0.018-397.62 0.018zM126.704 641.654c64.324-0.086 128.632-0.172 192.956-0.24 8.858-0.018 17.68 0 27.274 0 0 15.292 0 29.934 0 44.578-73.42 0-146.824 0-220.212 0-0.016-14.78-0.016-29.558-0.016-44.338zM153.6 372.258c0 79.906 0 159.642 0 239.394 58.18-0.102 116.396-0.172 174.574-0.24 8.004 0 16.010 0 24.678 0 0 13.842 0 27.102 0 40.328 53.026 0 106.086 0 159.13 0 0-13.106 0-26.198 0-40.004 119.194 0 238.164 0 358.178 0 0-3.328 0-6.006 0-8.67 0-74.172 0-148.36 0.018-222.566 0-2.764 0.136-5.53 0.206-8.26-238.9 0.018-477.868 0.018-716.784 0.018zM352.512 571.358c-13.176 0-26.18 0-39.782 0 0-39.408 0-78.508 0-118.1-13.33 0-26.112 0-39.714 0 0 39.1 0 78.37 0 118.034-26.726 0-52.652 0-79.036 0 0-52.77 0-105.438 0-158.874 52.958 0 105.454 0 158.532 0 0 52.906 0 105.728 0 158.942zM552.054 571.374c-25.89 0-51.78 0-78.49 0 0 13.774 0 26.76 0 40.106-27.222 0-53.606 0-80.368 0 0-66.338 0-132.336 0-198.86 52.77 0 105.42 0 158.858 0 0 52.924 0 105.422 0 158.754zM831.572 571.154c-13.056 0-26.062 0-39.902 0 0-38.962 0-78.234 0-117.966-13.602 0-26.384 0-39.986 0 0 39.306 0 78.542 0 118.17-13.824 0-26.828 0-40.414 0 0-39.442 0-78.508 0-118.134-13.364 0-26.13 0-39.748 0 0 39.168 0 78.438 0 118.1-26.744 0-52.65 0-79.036 0 0-52.874 0-105.54 0-158.702 79.514 0 158.924 0 239.086 0 0 52.958 0 105.456 0 158.532zM511.42 453.086c-12.698 0-25.020 0-37.632 0 0 25.906 0 51.404 0 77.706 12.75 0 25.054 0 37.632 0 0-26.078 0-51.746 0-77.704z"
				],
				"attrs": [
					{}
				],
				"isMulticolor": false,
				"defaultCode": 58902,
				"grid": 0
			},
			"attrs": [
				{}
			],
			"properties": {
				"id": 22,
				"order": 91,
				"prevSize": 32,
				"code": 58902,
				"name": "npm"
			},
			"setIdx": 0,
			"setId": 1,
			"iconIdx": 28
		},
		{
			"icon": {
				"paths": [
					"M544 624c-12.8 0-22.4 3.2-32 3.2-16 0-32 0-54.4 0 9.6-124.8 22.4-249.6 32-377.6 35.2 0 64-3.2 96 0 9.6 0 19.2 16 19.2 22.4-9.6 67.2-22.4 137.6-35.2 204.8-9.6 51.2-16 99.2-25.6 147.2zM556.8 742.4c3.2 32-22.4 60.8-60.8 64s-73.6-19.2-76.8-51.2c-3.2-35.2 25.6-60.8 67.2-64 38.4-3.2 67.2 19.2 70.4 51.2z"
				],
				"attrs": [
					{}
				],
				"isMulticolor": false,
				"defaultCode": 58903,
				"grid": 0
			},
			"attrs": [
				{}
			],
			"properties": {
				"id": 23,
				"order": 92,
				"prevSize": 32,
				"code": 58903,
				"name": "yml"
			},
			"setIdx": 0,
			"setId": 1,
			"iconIdx": 29
		},
		{
			"icon": {
				"paths": [
					"M261.666 478.294l188.006-174.73v83.046l-142.164 124.604v1.57l142.164 124.586v83.062l-188.006-174.73v-67.414zM762.3 548.044l-188.006 172.39v-83.062l145.34-124.586v-1.57l-145.34-124.604v-83.046l188.006 172.39v72.090z"
				],
				"attrs": [
					{}
				],
				"isMulticolor": false,
				"defaultCode": 58904,
				"grid": 0
			},
			"attrs": [
				{}
			],
			"properties": {
				"id": 24,
				"order": 93,
				"prevSize": 32,
				"code": 58904,
				"name": "html"
			},
			"setIdx": 0,
			"setId": 1,
			"iconIdx": 30
		},
		{
			"icon": {
				"paths": [
					"M241.152 239.684c309.402-5.308 553.558 266.070 543.626 544.462-37.326 0-74.684 0-113.322 0-2.662-117.726-43.606-219.938-126.754-303.020-83.166-83.062-184.952-124.79-303.548-126.788 0-38.058 0-75.878 0-114.654zM608.904 784.384c-39.442 0-76.902 0-113.646 0-4.080-22.528-5.888-45.346-12.442-66.678-31.472-102.042-100.352-162.816-205.636-181.812-9.284-1.674-18.842-2.27-28.278-2.56-6.298-0.222-8.738-2.372-8.704-8.806 0.222-35.072 0.102-70.128 0.102-107.402 89.446 0.666 168.106 28.554 235.692 85.522 86.528 72.976 129.502 167.202 132.916 281.736zM391.168 708.778c-0.204 42.752-33.69 75.742-76.664 75.538-41.95-0.206-75.402-33.706-75.57-75.658-0.17-43.4 33.398-76.8 76.936-76.578 42.94 0.24 75.52 33.4 75.298 76.698z"
				],
				"attrs": [
					{}
				],
				"isMulticolor": false,
				"defaultCode": 58905,
				"grid": 0
			},
			"attrs": [
				{}
			],
			"properties": {
				"id": 25,
				"order": 94,
				"prevSize": 32,
				"code": 58905,
				"name": "xml"
			},
			"setIdx": 0,
			"setId": 1,
			"iconIdx": 31
		},
		{
			"icon": {
				"paths": [
					"M796.144 496.35c-10.154-4.352-20.48-8.5-31.078-11.64-54.596-16.026-110.798-23.57-167.014-30.856-9.54-1.228-19.082-2.338-28.654-3.482 3.686-17.562 10.582-23.774 27.546-25.172 1.808 4.232 3.806 8.5 5.444 12.902 1.246 3.328 3.174 4.864 6.894 4.54 7.374-0.65 14.814-0.462 22.134-1.468 37.274-5.052 63.744-24.132 75.742-60.57 3.908-11.826 6.554-24.236 8.174-36.574 3.5-26.846 14.302-49.954 32.614-69.7 1.774-1.928 3.362-4.010 5.154-6.144-41.216-14.318-120.986 15.19-150.836 79.754-7.236-1.996-14.422-4.524-21.828-5.836-4.626-0.82-6.28-3.004-7.714-7.118-12.646-36.726-35.124-65.314-70.348-82.756-27.102-13.414-56.082-15.428-85.488-11.604-64.956 8.464-118.392 38.332-159.504 89.138-41.404 51.15-57.924 110.694-55.45 175.872 2.508 67.174 24.098 127.932 62.942 182.596 14.37 20.24 31.026 38.384 52.598 51.336 23.74 14.198 47.856 11.538 65.674-7.408 3.858-4.062 6.724-9.096 10.258-13.978 0.854 2.116 1.74 4.148 2.526 6.246 5.358 13.962 10.308 28.126 16.144 41.932 5.922 13.978 28.16 21.914 40.396 14.506 3.584-2.15 6.042-1.74 9.472-0.358 13.056 5.206 26.384 6.86 39.306-0.018 5.392-2.85 9.54-8.722 15.104-10.53 5.734-1.842 12.716 0.528 18.842-0.65 16.366-3.14 29.1-11.092 33.246-28.74 0.29-1.23 1.552-2.832 2.678-3.208 7.68-2.424 11.572-8.14 13.942-15.274 3.244-9.762 3.448-19.592-1.348-28.774-9.13-17.458-18.756-34.662-28.178-52.002-0.886-1.604-1.774-3.226-2.202-4.028 9.812 2.798 19.472 6.878 29.456 8.106 14.524 1.792 29.866 3.55 40.414-11.162 1.946 1.16 3.874 2.356 5.786 3.466 26.522 15.428 58.794 10.428 75.776-11.826 2.544 0.376 5.188 0.886 7.818 1.16 18.62 2.030 36.13-0.904 51.576-12.066 7.476-5.376 12.63-12.374 12.066-22.288-0.068-1.348 0.172-2.73 0.274-4.010 29.952-4.472 43.606-16.674 45.534-43.878 1.724-24.166-5.802-39.834-25.89-48.436zM660.566 413.918c-12.902 7.014-26.88 9.966-41.336 11.008-1.536 0.102-4.216-1.314-4.642-2.594-2.014-6.006-3.55-12.168-4.966-18.33-0.818-3.55 1.144-4.574 4.592-4.506 10.53 0.274 11.316 0.904 11.948 11.98 0.7-0.12 0.972-0.068 1.058-0.188 6.144-8.754 6.178-8.842 16.88-6.008 6.316 1.638 12.544 3.568 19.832 5.666-1.724 1.52-2.424 2.44-3.362 2.97zM621.346 349.644c11.486-21.060 27.75-37.564 48.196-50.004 15.838-9.61 32.99-15.394 52.326-17.306-3.072 4.318-5.938 7.902-8.294 11.76-8.090 13.226-10.736 28.228-14.198 43.042-3.702 15.752-7.818 31.404-12.408 46.916-1.468 4.932-4.932 9.268-7.544 14.012-10.598-8.754-20.616-16.846-30.346-25.276-0.87-0.734-0.7-3.772 0.034-5.206 11.776-22.938 24.678-45.072 43.708-62.958 0.41-0.41 0.65-1.008 1.006-1.486-27.376 12.51-42.65 36.080-56.218 61.782-5.548-3.022-10.702-5.888-15.89-8.636-3.908-2.030-1.536-4.488-0.376-6.638zM537.226 400.11c0.052 0.034 0.12 0.034 0.172 0.068-0.65-16.060 4.626-30.276 14.080-42.924 1.23-1.638 5.154-1.946 7.764-1.774 29.44 2.066 55.108 13.908 78.694 30.96 5.41 3.924 10.564 8.26 15.41 13.158-7.526-1.792-14.986-3.738-22.494-5.426-17.288-3.926-34.15-3.38-50.74 3.634-13.858 5.904-28.246 6.332-42.736 2.372 0 0 0 0.052 0 0.068s0 0.034 0 0.052c8.294 8.788 18.928 8.654 29.594 7.082 8.244-1.228 16.35-3.6 24.49-5.462 0.528 0.392 1.058 0.82 1.586 1.212-1.23 1.946-2.030 4.83-3.806 5.666-14.472 6.81-29.066 13.244-43.674 19.78-0.546 0.274-1.144 0.308-2.356 0.596-4.182-9.2-6.758-18.654-5.854-28.876-0.034-0.052-0.102-0.12-0.136-0.188zM441.822 325.172c30.106 0.050 54.068 24.048 54.034 54.134 0 30.054-24.748 54.784-54.596 54.544-30.036-0.222-54.050-24.764-53.93-55.142 0.084-29.986 24.116-53.59 54.494-53.538zM586.94 514.184c13.654 2.526 27.308 5.034 40.942 7.562 18.38 3.43 36.746 6.826 55.108 10.326 7.116 1.332 8.038 3.924 3.772 9.966-6.912 9.762-22.664 15.308-35.38 12.458-1.382-0.342-2.73-0.734-4.83-1.298 1.996 8.004-0.052 14.626-5.582 19.934-8.55 8.244-19.2 12.304-30.77 12.304-7.39 0-14.764-2.406-22.238-3.738-4.42 17.972-39.014 25.174-58.23 8.842 3.618 9.712 7.082 18.638 10.172 27.698 0.956 2.782 1.57 6.042 1.11 8.892-7.22 46.37-44.22 81.528-90.572 84.394-44.938 2.782-86.154-9.95-123.734-34.338-33.74-21.898-59.254-51.2-76.818-87.398-0.974-1.962-1.742-3.994-2.39-5.564 12.186 2.816 24.15 6.844 36.438 8.174 23.092 2.458 46.046 1.86 66.8-11.196 1.792-1.126 5.104-0.614 7.458 0.018 22.238 6.042 44.664 9.456 67.652 5.12 33.928-6.384 60.62-24.866 82.004-51.082 8.772-10.752 15.12-23.466 23.278-34.782 5.972-8.242 12.954-15.786 19.866-23.296 1.126-1.228 4.268-1.162 6.384-0.94 25.088 2.834 50.33 4.932 75.23 9.012 34.254 5.616 68.216 12.732 102.316 19.25 1.536 0.29 2.986 0.904 4.438 1.894-50.722 4.318-101.206 12.646-152.422 7.782zM441.428 412.058c18.534 0 32.82-14.25 32.768-32.7-0.016-18.398-14.438-33.006-32.63-33.092-17.784-0.12-32.99 15.036-33.092 32.972-0.068 18.108 14.66 32.818 32.956 32.818zM426.956 357.188c4.234-2.56 9.318-3.634 14.49-5.564 5.188 1.928 10.462 3.072 14.848 5.7 5.94 3.534 5.854 10.462 0.562 14.966-7.338 6.262-22.954 6.366-30.448 0.24-5.632-4.642-5.716-11.588 0.546-15.344z"
				],
				"attrs": [
					{}
				],
				"isMulticolor": false,
				"defaultCode": 58906,
				"grid": 0
			},
			"attrs": [
				{}
			],
			"properties": {
				"id": 26,
				"order": 95,
				"prevSize": 32,
				"code": 58906,
				"name": "bower"
			},
			"setIdx": 0,
			"setId": 1,
			"iconIdx": 32
		},
		{
			"icon": {
				"paths": [
					"M418.2 102.6c-21.6 5.4-34.2 10.8-96.6 43.8-34.2 18-81.6 21.6-93.6 6.6-13.2-15.6 2.4-24 42.6-23.4 33.6 0.6 43.8-3.6 28.8-12.6-25.8-16.2-86.4-4.8-96.6 18-5.4 12.6-4.8 17.4 4.8 27.6 19.2 21.6 39.6 28.2 83.4 27 35.4-1.2 48.6-4.8 86.4-24 51.6-26.4 106.8-39.6 140.4-33 33.6 6 40.8 15.6 22.8 30-17.4 13.8-58.2 15-77.4 1.8-15-10.2-37.2-6.6-37.2 6.6 0 22.8 64.2 36 117 25.2 62.4-13.2 63-69 0.6-90-28.8-9.6-93-12-125.4-3.6zM59.4 157.8c-11.4 7.2-21 19.2-22.2 26.4-3 18.6 28.8 41.4 81.6 58.2 45 13.8 65.4 18 133.2 25.8 44.4 5.4 259.2 5.4 300 0 18-2.4 42-6 52.8-7.2 29.4-3.6 108-25.8 127.2-36 24-12.6 36.6-32.4 30-45.6-14.4-25.8-40.2-40.2-33-18 10.2 32.4-88.8 66.6-216 75.6-45.6 3.6-186.6 3.6-210 0.6-9.6-1.2-36-4.2-57.6-6-76.2-7.2-157.2-35.4-163.2-57-1.2-6 0-15.6 3-21 7.8-13.8-1.8-12-25.8 4.2zM45.6 270.6c1.8 15 7.8 43.2 13.8 62.4l10.8 35.4-17.4 14.4c-10.2 8.4-25.2 26.4-33.6 39.6-13.8 21-16.2 31.2-16.2 69.6 0 51.6 10.2 72 52.2 102 21.6 15.6 27.6 17.4 65.4 15.6 49.8-1.8 66.6-12 30-18.6-30.6-4.8-73.2-41.4-85.8-74.4-12-30-10.2-76.8 3.6-98.4 6-9 12-16.2 13.2-16.2s7.8 11.4 15 25.2c7.2 14.4 31.8 52.2 54.6 84.6 23.4 32.4 46.8 73.2 52.8 90 23.4 66 73.2 88.2 197.4 88.2 127.2 0 179.4-24 201.6-91.8 5.4-16.8 27.6-55.2 49.2-84.6s48.6-72.6 59.4-96.6c20.4-44.4 50.4-139.2 50.4-160.2 0-10.8-0.6-10.8-13.2 0.6-22.2 21-91.8 40.8-187.8 52.8-75.6 10.2-318.6 4.8-375-8.4-8.4-1.8-22.8-4.2-33-6-27.6-4.2-94.8-32.4-103.8-43.2-6-7.8-6.6-4.8-3.6 18z"
				],
				"attrs": [
					{}
				],
				"isMulticolor": false,
				"defaultCode": 58907,
				"grid": 0
			},
			"attrs": [
				{}
			],
			"properties": {
				"id": 27,
				"order": 96,
				"prevSize": 32,
				"code": 58907,
				"name": "coffee"
			},
			"setIdx": 0,
			"setId": 1,
			"iconIdx": 33
		},
		{
			"icon": {
				"paths": [
					"M288 220.8v156.8l108.8 396.8h44.8v-160h25.6l108.8 160h160l-188.8-284.8v-16l176-256h-166.4l-89.6 140.8h-25.6v-137.6z"
				],
				"attrs": [
					{}
				],
				"isMulticolor": false,
				"defaultCode": 58908,
				"grid": 0
			},
			"attrs": [
				{}
			],
			"properties": {
				"id": 28,
				"order": 97,
				"prevSize": 32,
				"code": 58908,
				"name": "karma"
			},
			"setIdx": 0,
			"setId": 1,
			"iconIdx": 34
		},
		{
			"icon": {
				"paths": [
					"M512 208l99.2 201.6 220.8 32-160 153.6 38.4 220.8-198.4-102.4-198.4 102.4 38.4-220.8-160-153.6 220.8-32z"
				],
				"attrs": [
					{}
				],
				"isMulticolor": false,
				"defaultCode": 58909,
				"grid": 0
			},
			"attrs": [
				{}
			],
			"properties": {
				"id": 29,
				"order": 98,
				"prevSize": 32,
				"code": 58909,
				"name": "ico"
			},
			"setIdx": 0,
			"setId": 1,
			"iconIdx": 35
		},
		{
			"icon": {
				"paths": [
					"M502.4 633.6c0 68.925-55.875 124.8-124.8 124.8s-124.8-55.875-124.8-124.8c0-68.925 55.875-124.8 124.8-124.8s124.8 55.875 124.8 124.8zM806.4 633.6c0 68.925-55.875 124.8-124.8 124.8s-124.8-55.875-124.8-124.8c0-68.925 55.875-124.8 124.8-124.8s124.8 55.875 124.8 124.8zM652.8 361.6c0 68.925-55.875 124.8-124.8 124.8s-124.8-55.875-124.8-124.8c0-68.925 55.875-124.8 124.8-124.8s124.8 55.875 124.8 124.8z"
				],
				"attrs": [
					{}
				],
				"isMulticolor": false,
				"defaultCode": 58910,
				"grid": 0
			},
			"attrs": [
				{}
			],
			"properties": {
				"id": 30,
				"order": 99,
				"prevSize": 32,
				"code": 58910,
				"name": "jl"
			},
			"setIdx": 0,
			"setId": 1,
			"iconIdx": 36
		},
		{
			"icon": {
				"paths": [
					"M716.8 582.4c3.2 35.2 6.4 67.2 6.4 102.4 0 41.6-22.4 70.4-54.4 73.6-16 3.2-35.2 0-51.2-6.4-32-16-60.8-38.4-92.8-57.6-16 12.8-32 25.6-51.2 38.4-9.6 6.4-22.4 12.8-32 16-57.6 25.6-105.6-3.2-108.8-67.2 0-32 3.2-67.2 6.4-102.4-19.2-3.2-41.6-9.6-60.8-22.4-19.2-9.6-35.2-22.4-51.2-38.4-28.8-28.8-25.6-64 3.2-92.8 25.6-28.8 60.8-41.6 96-54.4 3.2 0 9.6-3.2 12.8-3.2-3.2-22.4-6.4-48-9.6-70.4 0-19.2 3.2-41.6 6.4-60.8 9.6-35.2 41.6-51.2 80-41.6s67.2 32 92.8 54.4c6.4 3.2 9.6 9.6 12.8 12.8 25.6-19.2 51.2-38.4 80-54.4 19.2-12.8 41.6-19.2 64-12.8 32 6.4 51.2 35.2 54.4 76.8 0 16 0 32 0 51.2 0 16-6.4 32-9.6 51.2 19.2 6.4 35.2 12.8 54.4 22.4 25.6 12.8 51.2 25.6 67.2 51.2 16 22.4 16 48 0 70.4-16 25.6-41.6 38.4-67.2 51.2-12.8 0-32 6.4-48 12.8zM531.2 579.2c9.6 0 25.6-3.2 38.4-3.2 9.6 0 16-3.2 22.4-12.8 16-25.6 32-51.2 44.8-80 3.2-6.4 3.2-16 0-19.2-16-28.8-32-54.4-48-80-3.2-6.4-9.6-9.6-16-9.6-28.8 0-54.4 0-83.2-3.2-16 0-28.8 6.4-38.4 22.4-6.4 9.6-12.8 19.2-19.2 32-35.2 64-35.2 38.4 0 102.4 41.6 60.8 19.2 48 99.2 51.2zM345.6 556.8c9.6-25.6 19.2-51.2 28.8-73.6 0-3.2 0-9.6 0-12.8-9.6-25.6-19.2-48-28.8-73.6-32 9.6-64 22.4-89.6 41.6-28.8 22.4-28.8 51.2 0 73.6 25.6 22.4 57.6 35.2 89.6 44.8zM707.2 390.4c-12.8 28.8-22.4 54.4-32 80 0 3.2-3.2 6.4 0 6.4 9.6 25.6 19.2 51.2 32 83.2 28.8-16 60.8-28.8 86.4-44.8 35.2-22.4 35.2-54.4 0-76.8-25.6-19.2-54.4-32-86.4-48zM368 358.4c28.8-3.2 54.4-6.4 80-12.8 3.2 0 6.4-3.2 6.4-3.2 16-22.4 32-41.6 51.2-64-25.6-22.4-51.2-44.8-83.2-57.6-35.2-12.8-57.6 0-64 38.4-6.4 32 3.2 67.2 9.6 99.2zM684.8 358.4c0-3.2 3.2-9.6 3.2-12.8 6.4-32 12.8-67.2 0-99.2-6.4-22.4-22.4-32-41.6-28.8-41.6 6.4-70.4 35.2-99.2 60.8 16 22.4 32 41.6 48 60.8 3.2 3.2 6.4 6.4 9.6 9.6 28.8 3.2 54.4 6.4 80 9.6zM368 592c-6.4 35.2-16 67.2-6.4 102.4 6.4 32 28.8 44.8 60.8 35.2 35.2-9.6 60.8-35.2 86.4-57.6-16-22.4-32-41.6-51.2-64-3.2-3.2-6.4-6.4-9.6-6.4-28.8-3.2-54.4-6.4-80-9.6zM547.2 668.8c19.2 25.6 57.6 51.2 83.2 60.8 32 9.6 54.4 0 60.8-35.2s0-67.2-6.4-102.4c-28.8 3.2-57.6 3.2-83.2 12.8-19.2 9.6-28.8 32-41.6 48-3.2 6.4-6.4 12.8-12.8 16zM563.2 345.6c-12.8-16-25.6-28.8-38.4-44.8-12.8 16-22.4 28.8-38.4 44.8 28.8 0 51.2 0 76.8 0zM563.2 604.8c-25.6 0-48 0-73.6 0 12.8 16 25.6 28.8 38.4 44.8 12.8-12.8 22.4-25.6 35.2-44.8zM432 572.8c-12.8-22.4-25.6-41.6-38.4-67.2-6.4 19.2-12.8 35.2-19.2 54.4 19.2 6.4 38.4 9.6 57.6 12.8zM659.2 508.8c-12.8 22.4-25.6 44.8-38.4 67.2 22.4-3.2 38.4-6.4 57.6-9.6-6.4-22.4-12.8-38.4-19.2-57.6zM393.6 441.6c12.8-22.4 25.6-44.8 38.4-67.2-22.4 3.2-38.4 6.4-57.6 9.6 6.4 22.4 12.8 38.4 19.2 57.6zM620.8 377.6c6.4 12.8 12.8 22.4 19.2 32s12.8 19.2 19.2 32c6.4-19.2 12.8-38.4 19.2-54.4-19.2-3.2-35.2-6.4-57.6-9.6z"
				],
				"attrs": [
					{}
				],
				"isMulticolor": false,
				"defaultCode": 58912,
				"grid": 0
			},
			"attrs": [
				{}
			],
			"properties": {
				"id": 32,
				"order": 100,
				"prevSize": 32,
				"code": 58912,
				"name": "react"
			},
			"setIdx": 0,
			"setId": 1,
			"iconIdx": 37
		},
		{
			"icon": {
				"paths": [
					"M517.172 3.474c-2.838 0.106-5.835 0.292-6.63 0.371-0.796 0.106-2.838 0.212-4.509 0.265-1.671 0.027-3.766 0.212-4.641 0.371-2.122 0.398-7.718 0.849-11.802 0.955-2.52 0.080-3.687 0.212-4.88 0.637-0.875 0.318-2.201 0.557-2.97 0.557s-2.334 0.292-3.474 0.663c-1.14 0.371-2.334 0.663-2.652 0.663s-1.565 0.239-2.785 0.53c-1.193 0.292-3.077 0.583-4.19 0.69-1.83 0.159-3.607 0.61-10.741 2.811-1.459 0.451-3.183 0.902-3.846 1.034s-3.607 1.008-6.551 1.963c-2.917 0.955-5.676 1.724-6.1 1.724-0.398 0-2.175 0.371-3.925 0.822s-3.846 0.928-4.668 1.061c-0.822 0.106-2.122 0.477-2.864 0.769-0.769 0.292-1.75 0.53-2.228 0.53-0.477 0.027-1.512 0.265-2.307 0.557s-2.175 0.769-3.023 1.034c-0.875 0.292-2.413 0.875-3.448 1.3-3.527 1.512-5.861 2.334-7.055 2.52-0.663 0.106-2.493 0.822-4.111 1.591-1.591 0.769-3.74 1.803-4.774 2.281-4.8 2.228-9.76 4.747-11.935 6.073-1.3 0.796-3.209 1.83-4.243 2.307-1.008 0.477-2.413 1.3-3.103 1.803-0.69 0.53-1.803 1.193-2.44 1.485-0.663 0.265-1.724 0.981-2.334 1.538-1.353 1.247-3.421 2.493-4.88 2.97-2.069 0.663-7.506 3.474-9.521 4.933-1.167 0.822-2.705 1.75-3.448 2.069-0.716 0.345-1.671 0.902-2.122 1.273-0.424 0.371-2.175 1.591-3.846 2.732s-3.342 2.307-3.713 2.573c-0.371 0.239-1.353 0.69-2.175 0.981-1.963 0.663-6.79 3.899-8.991 6.020-0.398 0.371-1.326 1.061-2.042 1.538-0.743 0.451-2.44 1.512-3.819 2.387-3.023 1.883-5.119 3.474-7.4 5.57-0.955 0.902-2.467 2.095-3.395 2.679-0.902 0.583-2.679 1.75-3.952 2.599-1.273 0.822-3.183 2.016-4.243 2.652-1.061 0.61-3.209 1.91-4.747 2.891s-3.474 2.042-4.297 2.334c-0.849 0.318-2.599 1.406-4.058 2.52-1.406 1.087-3.183 2.228-3.978 2.546-0.769 0.292-2.042 1.034-2.811 1.618-0.796 0.583-2.095 1.353-2.917 1.697-0.822 0.371-1.989 0.902-2.573 1.22-0.583 0.292-1.963 1.008-3.103 1.591-1.114 0.583-2.467 1.432-3.050 1.91-1.3 1.087-3.501 2.573-6.763 4.509-1.857 1.087-3.023 2.016-4.111 3.209-1.247 1.432-1.724 1.777-2.944 2.122-1.087 0.318-1.75 0.743-2.705 1.75-0.928 0.955-1.618 1.406-2.626 1.724-1.008 0.292-1.724 0.769-2.626 1.671-1.644 1.671-3.262 3.633-4.084 4.933-0.902 1.406-1.724 2.148-2.997 2.679-0.583 0.239-1.432 0.716-1.883 1.034-0.451 0.345-1.432 0.981-2.175 1.432-1.618 0.955-6.471 5.119-8.354 7.187-2.838 3.103-7.055 7.028-9.468 8.805-1.379 1.034-3.103 2.44-3.846 3.13-0.716 0.69-1.83 1.591-2.467 1.963-0.61 0.398-1.565 1.3-2.069 2.016-0.53 0.743-1.193 1.459-1.459 1.618-0.292 0.133-1.061 1.22-1.724 2.36-0.796 1.326-2.148 3.050-3.74 4.694-1.379 1.406-3.156 3.58-3.978 4.827s-1.83 2.626-2.228 3.077c-0.398 0.424-1.644 2.122-2.811 3.74-1.14 1.618-3.13 4.35-4.456 6.1-2.334 3.103-4.243 6.153-8.513 13.685-3.633 6.339-4.8 8.726-5.623 11.431-0.451 1.432-1.114 3.342-1.485 4.243-0.345 0.902-0.769 2.413-0.955 3.368-0.159 0.955-0.583 2.652-0.955 3.793-0.822 2.493-1.406 2.997-3.103 2.732-3.050-0.504-3.289-0.477-4.535 0.053-0.663 0.318-1.857 1.14-2.626 1.857-1.936 1.83-4.005 2.705-6.949 2.97-1.565 0.133-2.944 0.424-3.978 0.875-1.883 0.796-6.073 3.156-8.275 4.641-0.849 0.583-2.997 1.91-4.774 2.944-1.803 1.061-3.952 2.44-4.774 3.050-0.849 0.61-2.201 1.565-2.997 2.095-1.777 1.167-7.24 6.524-9.415 9.203-0.875 1.087-2.44 2.864-3.448 3.978-1.034 1.087-2.334 2.785-2.891 3.766-0.583 0.981-1.591 2.44-2.281 3.262-1.061 1.273-1.353 1.857-2.069 4.456-0.477 1.671-0.849 3.554-0.849 4.217s-0.239 1.857-0.504 2.679c-0.292 0.822-0.663 2.732-0.822 4.217-0.398 3.846-0.716 5.729-1.193 7.081-0.212 0.637-0.398 1.697-0.398 2.36 0 0.637-0.133 1.644-0.292 2.201-0.265 0.875-0.239 1.247 0.371 2.944 0.822 2.334 0.928 2.997 1.247 6.577 0.133 1.538 0.557 3.978 0.928 5.437s0.663 3.236 0.637 3.978c-0.027 1.353 0.663 4.535 1.14 5.092 0.61 0.743 1.591 4.111 1.91 6.577 0.318 2.201 0.53 2.944 1.379 4.482 0.583 1.034 1.565 2.254 2.254 2.838 1.459 1.22 3.421 4.482 4.243 7.028 0.796 2.44 1.273 3.103 4.164 5.57 4.323 3.687 9.23 6.047 12.412 5.967 0.769 0 1.883 0.159 2.493 0.371s1.963 0.398 2.997 0.398c1.724 0 2.016 0.080 3.899 1.193 1.114 0.663 2.626 1.3 3.342 1.432 0.716 0.159 1.83 0.451 2.467 0.663 0.637 0.239 1.459 0.424 1.857 0.424 0.902 0 4.668 1.193 5.861 1.83 0.504 0.292 1.777 0.743 2.785 1.034 1.936 0.557 5.861 2.281 8.354 3.66 1.3 0.743 2.281 1.167 5.225 2.228 0.663 0.239 0.955 0.61 1.432 1.803 0.318 0.849 1.034 2.52 1.591 3.766s1.193 3.023 1.432 3.978c0.239 0.955 1.087 3.819 1.857 6.365 0.796 2.546 1.538 5.172 1.697 5.835 1.379 6.020 2.573 10.503 3.209 11.935 0.398 0.955 0.875 2.254 1.061 2.891 0.159 0.637 0.61 1.83 0.981 2.652 0.345 0.822 1.114 2.785 1.697 4.376 1.087 3.023 1.83 4.482 3.342 6.604 0.504 0.69 1.326 2.36 1.803 3.713 1.273 3.527 1.83 4.694 2.758 5.861 0.451 0.557 0.822 1.14 0.822 1.273 0 0.398 1.459 3.766 2.785 6.445 0.637 1.3 1.671 3.793 2.254 5.49 0.663 1.857 1.538 3.687 2.122 4.535 0.955 1.326 2.944 5.278 3.315 6.604 0.106 0.345 0.504 1.326 0.928 2.201s1.379 2.97 2.122 4.641c0.743 1.671 1.83 4.058 2.387 5.304 0.583 1.247 1.167 2.838 1.326 3.58 0.159 0.716 0.477 1.857 0.69 2.52 0.239 0.663 0.69 2.095 1.008 3.183 0.504 1.724 3.315 7.85 5.623 12.333 0.371 0.716 1.167 2.254 1.75 3.421 0.557 1.14 1.538 2.626 2.175 3.315 1.618 1.75 2.705 3.448 3.368 5.225 0.424 1.14 1.008 1.963 2.095 3.023 1.485 1.432 2.069 2.228 7.718 10.503 1.538 2.281 3.58 4.986 4.535 6.020 0.955 1.061 1.936 2.334 2.201 2.838s1.273 2.069 2.254 3.448c1.193 1.697 1.936 3.050 2.254 4.111 0.583 2.042 1.432 3.687 2.732 5.331 0.583 0.743 1.247 1.697 1.459 2.148 0.239 0.424 0.822 1.273 1.353 1.883 0.504 0.61 1.061 1.565 1.22 2.122 0.186 0.53 0.822 1.644 1.432 2.44 0.583 0.796 1.353 1.91 1.697 2.467 0.318 0.583 0.955 1.485 1.379 2.042 0.451 0.557 0.955 1.432 1.114 1.91s0.955 2.069 1.75 3.527c0.796 1.459 1.591 3.023 1.75 3.448 0.292 0.822 3.925 6.683 6.339 10.264 3.925 5.782 7.665 11.67 7.983 12.598 0.186 0.557 0.716 1.591 1.167 2.307 0.477 0.716 0.981 1.724 1.14 2.254 0.186 0.504 0.822 1.671 1.432 2.573 0.637 0.902 1.273 2.095 1.459 2.679 0.186 0.557 0.769 1.644 1.273 2.44s1.087 2.069 1.3 2.785c0.212 0.743 1.034 2.36 1.83 3.607 1.803 2.891 4.27 9.999 5.57 16.178 0.902 4.137 1.087 5.41 1.697 10.874 0.292 2.679 0.637 4.986 1.034 6.63 0.504 2.281 0.875 4.376 1.114 6.604 0.133 1.247 0.371 2.679 0.504 3.183 0.133 0.53 0.265 1.538 0.265 2.281 0 0.716 0.239 2.307 0.53 3.527s0.53 2.758 0.53 3.448c0 0.69 0.239 2.095 0.53 3.103s0.53 2.307 0.53 2.864c0 0.557 0.371 1.83 0.796 2.838 0.451 1.008 0.796 1.963 0.796 2.122 0 0.186 0.345 1.353 0.769 2.626 0.424 1.247 1.087 3.395 1.459 4.774 0.398 1.379 1.061 3.315 1.485 4.297 0.583 1.326 0.796 2.201 0.796 3.342 0 0.875 0.159 2.095 0.371 2.758 0.371 1.193 0.69 3.050 1.247 7.267 0.159 1.3 0.53 3.103 0.822 3.978s0.61 2.413 0.743 3.448c0.133 1.008 0.345 2.44 0.504 3.183 0.663 3.236 0.928 6.047 0.875 8.673-0.053 1.91 0.053 3.368 0.345 4.403 0.212 0.875 0.398 2.281 0.398 3.13 0 0.875 0.186 2.467 0.451 3.554 0.318 1.538 0.424 3.289 0.398 7.824-0.027 5.039 0.053 6.1 0.504 7.771 0.371 1.406 0.504 2.732 0.477 4.641-0.027 4.694 0.186 9.521 0.557 11.776 0.292 1.75 0.292 2.44 0.027 3.633-0.292 1.247-0.265 1.697 0.133 3.077 0.371 1.379 0.398 1.883 0.159 3.395-0.477 2.758-0.583 8.911-0.186 10.635 0.424 1.83 0.371 8.858-0.106 12.624-0.186 1.459-0.424 3.66-0.53 4.907-0.292 2.97-1.008 8.434-1.406 10.609-0.477 2.652-0.504 20.103-0.027 22.093 0.292 1.247 0.318 2.307 0.106 5.57l-0.265 4.031 1.167 4.588c0.769 2.891 1.193 5.145 1.193 6.126 0 1.193 0.239 2.175 1.061 4.243 0.822 2.042 1.061 3.023 1.061 4.217 0 0.849 0.186 2.148 0.398 2.891s0.53 1.963 0.663 2.732c0.159 0.796 0.557 2.016 0.902 2.758 0.345 0.769 0.716 2.148 0.796 3.209 0.239 2.254 0.451 3.050 1.777 5.994 1.193 2.679 2.36 6.79 2.36 8.407 0 0.61-0.159 1.512-0.371 1.989-0.318 0.796-1.963 2.413-3.846 3.846-0.796 0.61-1.273 1.406-3.289 5.49-0.557 1.167-1.538 2.944-2.175 3.978-1.618 2.573-1.91 3.872-1.485 6.1 0.212 1.034 0.292 2.307 0.186 3.156-0.318 2.467 1.061 4.747 4.482 7.479 2.52 2.042 5.278 3.395 7.903 3.952 2.705 0.557 3.899 0.504 5.941-0.318 1.777-0.716 1.883-0.743 7.161-0.69 4.111 0.053 5.543 0.159 6.1 0.451 1.008 0.53 2.44 2.095 3.793 4.137 0.61 0.955 2.095 2.732 3.315 3.978 2.175 2.254 3.793 4.243 5.967 7.373 0.796 1.14 1.936 2.281 3.58 3.501 2.546 1.936 3.793 3.13 5.145 5.039 0.451 0.663 2.705 2.917 5.013 4.986 2.281 2.095 5.119 4.8 6.286 6.020 1.193 1.22 2.785 2.573 3.633 3.050 0.849 0.451 2.838 2.095 4.456 3.607 1.83 1.75 3.395 2.97 4.164 3.315 0.663 0.292 1.671 0.928 2.201 1.406 1.512 1.353 3.13 2.201 5.172 2.705 1.034 0.265 2.864 0.981 4.111 1.618s3.050 1.406 4.031 1.697c1.167 0.345 2.095 0.822 2.732 1.406 1.353 1.3 1.273 2.042-0.743 6.153-1.538 3.103-2.864 6.63-3.633 9.574-0.345 1.379-1.75 3.793-6.047 10.37-0.928 1.432-2.175 3.58-2.758 4.8-0.61 1.22-1.671 2.997-2.36 3.899-0.69 0.928-1.326 1.936-1.432 2.281s-0.663 1.379-1.193 2.334c-0.557 0.955-1.22 2.44-1.459 3.315s-0.796 2.175-1.193 2.917c-0.902 1.591-1.857 4.88-1.857 6.392 0 0.61 0.186 1.618 0.398 2.228s0.398 1.697 0.398 2.36c0 1.724 0.69 4.19 1.538 5.543 0.398 0.637 1.14 1.936 1.644 2.917 0.796 1.485 1.167 1.883 2.254 2.44 2.387 1.193 4.27 2.36 4.8 2.944 0.61 0.69 1.989 1.3 5.941 2.626 4.323 1.432 7.426 1.724 10.741 1.061 2.758-0.583 5.039-0.504 6.63 0.239 1.326 0.61 5.119 1.273 8.805 1.538 1.618 0.106 2.148 0.027 3.713-0.583 0.981-0.398 2.334-1.034 2.997-1.432s1.75-0.928 2.44-1.193c0.769-0.265 1.538-0.822 1.989-1.406 0.398-0.504 1.326-1.538 2.042-2.281 1.406-1.459 1.75-2.122 2.387-4.615 0.424-1.565 1.857-4.853 3.209-7.214 0.371-0.637 0.663-1.512 0.663-1.91s0.345-1.485 0.796-2.413c0.424-0.902 0.796-1.857 0.796-2.069s0.318-0.928 0.69-1.591c0.743-1.3 2.228-5.278 3.156-8.54 0.849-2.891 2.334-5.225 5.357-8.381 2.467-2.573 2.652-2.705 3.66-2.705 1.3 0 1.963-0.424 3.395-2.228 0.61-0.769 2.042-2.44 3.156-3.713s2.785-3.527 3.687-5.013c0.902-1.485 2.069-3.103 2.546-3.607l0.902-0.902 2.705 0.186c1.485 0.106 3.183 0.318 3.766 0.477 1.883 0.477 6.418 0.345 8.354-0.265 2.307-0.716 7.161-0.981 9.813-0.53 2.573 0.424 6.471 0.424 9.15 0 1.167-0.186 3.793-0.451 5.835-0.583 8.46-0.53 9.389-0.663 12.73-1.83 1.75-0.583 4.031-1.247 5.039-1.459 2.042-0.398 7.028-1.75 8.858-2.387 0.637-0.239 1.618-0.424 2.201-0.424s1.963-0.371 3.077-0.849c1.989-0.796 2.201-0.849 7.346-1.034 5.304-0.186 7.002-0.451 9.972-1.538 0.796-0.265 2.148-0.716 3.023-0.955s2.732-1.061 4.111-1.803c2.44-1.326 2.599-1.379 5.172-1.512 2.467-0.133 2.864-0.239 5.437-1.432 2.811-1.3 6.869-2.546 8.381-2.546 0.477 0 2.016-0.424 3.448-0.955 3.925-1.459 6.498-2.228 7.4-2.228 0.451 0 1.512-0.318 2.387-0.69 0.875-0.398 2.679-1.087 3.978-1.565 2.758-1.008 5.437-2.281 9.548-4.562 1.618-0.902 3.687-1.83 4.641-2.069s2.122-0.663 2.573-0.928c0.477-0.292 1.485-0.69 2.254-0.928 0.769-0.212 2.679-0.875 4.217-1.459s3.395-1.247 4.111-1.432c4.853-1.406 9.68-3.74 15.038-7.293 2.016-1.326 3.925-2.413 4.243-2.413 0.557 0 3.289-0.928 8.593-2.891 1.193-0.451 2.652-1.114 3.209-1.485 0.583-0.371 1.697-0.928 2.467-1.22 0.796-0.318 2.281-1.114 3.289-1.803 1.034-0.716 2.148-1.379 2.52-1.485s1.14-0.53 1.697-0.955c0.583-0.424 1.167-0.769 1.326-0.769 0.451 0 5.543-2.44 6.657-3.183 0.583-0.398 2.069-1.167 3.315-1.724 2.811-1.247 5.225-2.573 7.346-4.005 0.928-0.61 2.44-1.379 3.395-1.697s2.467-1.061 3.342-1.671c1.644-1.14 5.198-3.315 7.479-4.641 2.095-1.167 8.116-5.039 10.396-6.657 1.167-0.849 3.368-2.228 4.88-3.103 1.485-0.849 3.793-2.36 5.066-3.315s2.732-2.016 3.236-2.307c0.504-0.318 1.379-0.955 1.963-1.406 0.557-0.451 1.989-1.353 3.156-2.016 1.963-1.087 7.797-5.543 11.298-8.62 0.796-0.716 2.652-2.254 4.164-3.448 5.225-4.243 6.816-5.57 8.275-6.949 0.796-0.769 1.989-1.777 2.652-2.254 2.201-1.565 3.527-2.705 4.243-3.713 0.398-0.557 1.353-1.432 2.095-1.989s1.857-1.671 2.467-2.493c0.637-0.822 2.36-2.413 3.925-3.607 2.758-2.122 11.537-10.635 13.765-13.34 0.822-1.034 1.644-1.644 3.077-2.36 1.83-0.902 2.069-0.955 3.501-0.769 0.849 0.106 2.095 0.186 2.785 0.159 0.822-0.027 1.963 0.265 3.262 0.769 1.114 0.451 2.254 0.796 2.573 0.796 0.292 0 0.955 0.451 1.459 0.981 1.087 1.14 4.19 3.474 5.092 3.819 2.334 0.902 4.297 2.573 9.654 8.142 1.883 1.963 6.551 5.994 7.771 6.736 2.599 1.565 3.952 1.883 7.479 1.75 2.626-0.080 3.289-0.186 4.297-0.716 0.663-0.345 1.671-0.769 2.254-0.955 2.599-0.849 6.339-2.758 8.566-4.376 1.671-1.193 5.543-6.736 6.577-9.362 0.769-1.936 1.193-2.44 2.838-3.289 1.565-0.769 2.281-2.148 2.307-4.243 0-0.769 0.159-2.254 0.371-3.315 1.167-5.994 1.193-6.763 0.292-9.362-0.345-1.061-0.822-3.103-1.034-4.535-0.451-2.944-1.193-5.304-2.016-6.498-0.318-0.424-1.247-1.247-2.069-1.803-0.822-0.583-2.175-1.83-2.97-2.811-0.796-0.955-1.936-2.307-2.546-2.997-0.583-0.69-1.406-1.83-1.803-2.52-0.398-0.716-1.22-1.591-1.777-1.989-0.583-0.398-2.042-1.432-3.236-2.307s-2.493-1.803-2.864-2.042c-1.14-0.743-5.463-2.334-6.286-2.334-0.398 0-1.724-0.345-2.891-0.796-2.626-0.955-8.301-2.254-10.821-2.493-4.031-0.398-8.169-1.3-8.938-1.963-0.663-0.557-0.61-1.936 0.159-4.8 0.849-3.209 1.618-5.198 2.387-6.206 0.663-0.928 1.22-2.334 1.22-3.183 0-0.292 0.504-1.618 1.114-2.944 1.061-2.307 1.114-2.52 1.087-4.8-0.053-2.864 0.928-7.718 1.91-9.601 0.371-0.663 0.663-1.565 0.663-1.989s0.186-1.193 0.424-1.75c0.477-1.114 0.928-3.58 1.008-5.357 0.027-0.663 0.292-1.963 0.61-2.917 0.318-1.034 0.663-3.289 0.875-5.57 0.159-2.122 0.451-4.694 0.583-5.702 0.345-2.307 0.371-3.501 0.106-4.429-0.159-0.583-0.053-0.875 0.743-1.75 0.69-0.769 0.955-1.3 0.955-1.936 0-0.504 0.239-1.432 0.53-2.069s0.53-1.724 0.53-2.44c0-0.796 0.212-1.724 0.53-2.36 0.345-0.663 0.53-1.565 0.53-2.44 0-1.724 0.53-4.323 1.3-6.471l0.583-1.591-0.53-2.175c-0.663-2.573-0.557-5.835 0.265-8.46 0.451-1.326 0.504-2.042 0.371-3.846-0.133-1.671-0.080-2.467 0.239-3.368 0.504-1.353 0.53-3.023 0.133-4.615-0.239-0.955-0.159-1.459 0.424-3.501 0.69-2.387 0.902-5.145 0.504-7.161-0.106-0.637 0.027-1.193 0.53-2.148 0.424-0.822 0.69-1.724 0.69-2.44 0-0.769 0.265-1.671 0.849-2.758 0.822-1.565 0.822-1.644 0.504-3.156-0.265-1.3-0.239-1.671 0.133-2.626 0.345-0.875 0.371-1.22 0.133-1.75-0.451-1.008-0.345-1.644 0.371-2.599 0.822-1.087 0.822-1.883 0.027-4.111-0.53-1.512-0.61-2.148-0.557-4.535 0.080-2.811 0.451-5.57 0.849-6.18 0.239-0.345 0.663-7.081 0.637-9.733-0.027-0.928-0.212-2.201-0.451-2.785-0.318-0.849-0.345-1.247-0.106-1.857 0.371-0.981 0.345-6.18-0.027-7.718-0.239-0.928-0.212-1.3 0.133-1.989 0.583-1.14 0.583-4.482 0-5.596-0.292-0.557-0.398-1.247-0.318-2.122 0.186-1.936-0.451-7.346-0.981-8.407-0.398-0.769-0.477-1.883-0.557-8.752-0.027-4.323 0.053-8.566 0.186-9.442s0.292-3.183 0.345-5.145c0.106-3.13 0.186-3.607 0.69-4.137 0.292-0.318 0.716-1.3 0.955-2.175 0.371-1.512 0.371-1.671-0.159-2.97-0.424-1.087-0.53-1.963-0.53-4.243 0-1.857-0.133-3.262-0.398-3.978-0.292-0.849-0.318-1.273-0.080-1.83 0.159-0.398 0.318-1.565 0.345-2.573 0.053-1.167 0.318-2.599 0.769-3.846 0.769-2.254 0.875-3.66 0.292-4.747-0.345-0.663-0.345-0.981 0.027-2.705 0.53-2.546 0.265-11.060-0.371-12.306-0.265-0.53-0.451-1.724-0.504-3.554-0.053-1.512-0.212-3.209-0.371-3.793-0.159-0.61-0.186-1.803-0.080-2.838 0.106-1.247 0.053-1.989-0.159-2.413-0.345-0.637-0.637-2.599-1.034-6.63-0.133-1.247-0.477-2.97-0.796-3.819-0.451-1.3-0.557-2.175-0.557-5.066 0-2.705-0.106-3.819-0.504-5.066-0.61-1.883-1.167-9.017-0.928-11.696 0.106-1.247 0.053-2.201-0.186-2.891-0.186-0.557-0.371-2.413-0.398-4.084-0.080-4.297-0.69-9.468-1.432-12.173-0.159-0.663-0.239-1.697-0.133-2.387 0.133-0.928 0.027-1.591-0.371-2.626-0.318-0.769-0.557-1.963-0.557-2.652s-0.292-2.148-0.663-3.236c-1.061-3.236-1.989-6.949-1.989-8.010 0-0.557-0.239-1.618-0.557-2.387-0.451-1.14-0.53-1.697-0.371-2.997 0.265-2.307 0.212-2.891-0.557-4.721-0.424-0.981-0.769-2.52-0.902-3.793-0.159-1.618-0.451-2.652-1.193-4.243-0.61-1.3-1.061-2.758-1.22-3.846-0.106-0.955-0.424-2.334-0.716-3.050-0.583-1.565-0.504-2.042 0.424-2.493 1.459-0.663 3.236-0.61 5.172 0.106 1.697 0.663 1.91 0.69 3.395 0.371 1.936-0.398 3.58-0.053 5.994 1.273 0.902 0.504 1.936 0.902 2.281 0.902 0.371 0 1.591 0.371 2.732 0.822 1.697 0.69 2.254 0.796 3.13 0.637 0.61-0.106 1.83-0.239 2.758-0.292 0.928-0.027 2.228-0.239 2.917-0.477 0.69-0.212 1.697-0.451 2.228-0.53 2.387-0.424 3.74-1.034 6.418-3.023 1.538-1.114 3.315-2.36 3.925-2.732 0.637-0.371 1.273-0.955 1.432-1.326 0.186-0.345 0.796-1.671 1.406-2.917 0.583-1.247 1.087-2.52 1.087-2.811s0.186-1.061 0.398-1.671c0.212-0.61 0.398-1.936 0.398-2.917 0-1.591 0.080-1.883 0.822-2.811 1.193-1.485 1.75-2.732 2.467-5.331 0.345-1.3 0.955-2.997 1.326-3.793 1.061-2.228 0.955-3.687-0.557-7.824-0.69-1.883-1.671-4.058-2.201-4.8-1.087-1.644-4.615-4.88-6.339-5.861-0.663-0.398-1.671-1.114-2.254-1.618-0.557-0.504-1.432-1.061-1.91-1.273-0.504-0.212-1.432-0.769-2.069-1.273-1.087-0.822-2.387-1.247-5.596-1.883-1.326-0.239-8.673-1.008-9.813-0.981-2.36 0-8.116 0.61-9.309 1.008-1.883 0.583-6.896 0.796-9.097 0.371-1.618-0.292-2.016-0.265-4.297 0.239-1.565 0.345-3.368 0.557-4.827 0.53-1.273 0-3.262 0.080-4.429 0.186-3.077 0.265-3.501 0.027-4.827-2.758-0.743-1.565-1.14-2.811-1.273-4.031-0.106-0.955-0.398-2.122-0.637-2.573-0.239-0.477-0.61-1.671-0.849-2.652-0.265-1.22-0.663-2.069-1.14-2.599-1.008-1.061-1.14-1.591-0.796-2.838 0.239-0.902 0.186-1.326-0.424-3.077-0.371-1.14-0.849-2.413-1.061-2.838-0.981-2.069-2.493-5.676-2.785-6.577-0.424-1.326-3.527-7.187-5.172-9.733-0.69-1.087-1.989-2.944-2.891-4.111s-1.989-2.679-2.413-3.395c-3.023-4.8-5.596-8.513-6.339-9.070-0.61-0.451-1.061-1.193-1.459-2.228-0.583-1.591-1.247-2.334-3.209-3.554-0.716-0.451-1.273-1.3-2.52-3.713-1.193-2.334-1.803-3.262-2.44-3.633-0.955-0.583-1.247-1.273-1.008-2.413 0.239-1.061-0.424-2.095-1.353-2.095-1.326 0-1.697-0.424-1.697-1.989 0-1.803-0.398-2.254-1.83-2.069-0.981 0.133-1.061 0.106-1.75-1.087-0.398-0.663-0.875-1.724-1.061-2.36-0.186-0.61-0.583-1.75-0.902-2.52s-0.557-1.724-0.557-2.122c0-1.087-1.883-5.092-3.554-7.559-1.114-1.644-1.485-2.44-1.485-3.156 0-0.504-0.186-1.459-0.398-2.069s-0.398-1.485-0.398-1.936c0-1.326-0.557-2.785-1.538-3.925-1.008-1.167-2.626-5.172-2.891-7.134-0.212-1.565-1.087-3.872-2.467-6.498-0.981-1.883-1.087-2.254-0.955-3.342 0.159-1.087 0.053-1.485-0.875-3.183-1.273-2.413-1.883-4.429-1.883-6.18-0.027-0.743-0.265-2.016-0.557-2.811s-0.769-2.175-1.034-3.050c-0.292-0.875-0.875-2.679-1.326-3.978-0.451-1.326-0.928-2.97-1.087-3.713-0.159-0.796-0.583-1.724-1.114-2.387-0.69-0.849-0.875-1.353-1.008-2.785-0.133-1.459-0.345-2.095-1.406-3.846-0.716-1.14-1.618-2.917-2.042-3.925-0.398-1.034-1.167-2.546-1.697-3.395-0.637-1.034-0.928-1.83-0.928-2.546 0-0.61-0.265-1.512-0.663-2.201-0.371-0.663-0.875-1.618-1.087-2.122-0.239-0.504-0.663-1.273-0.955-1.671s-0.637-1.14-0.769-1.644c-0.159-0.504-0.663-1.459-1.167-2.095-0.477-0.637-1.087-1.538-1.3-1.989-0.239-0.424-1.008-1.459-1.724-2.281-1.114-1.273-1.538-2.095-2.917-5.782-1.989-5.384-2.36-6.233-2.997-7.161-0.292-0.398-0.875-1.671-1.273-2.811s-1.087-2.599-1.512-3.236c-0.981-1.459-3.395-5.994-3.66-6.869-0.345-1.114-3.872-6.736-5.41-8.62-0.345-0.451-0.902-1.406-1.247-2.175-0.345-0.743-1.14-1.963-1.803-2.705s-1.459-1.857-1.777-2.467c-0.292-0.583-1.061-1.644-1.671-2.307s-1.644-1.989-2.281-2.944c-0.637-0.955-1.697-2.573-2.387-3.58-0.69-1.034-2.467-3.050-3.952-4.509s-2.785-2.944-2.864-3.315c-0.106-0.371-0.371-1.14-0.637-1.724-0.663-1.432-0.637-1.459 0.477-2.944 1.247-1.618 3.262-7.108 3.262-8.858 0-0.371 0.583-2.387 1.3-4.509 1.379-4.005 1.803-5.066 2.705-6.63 1.353-2.387 1.671-3.342 1.857-5.835 0.133-1.777 0.371-2.997 0.849-4.111 0.371-0.875 0.875-2.732 1.114-4.111 0.61-3.66 1.3-6.286 2.148-8.089 0.769-1.591 0.769-1.618 0.69-6.498-0.053-6.153-0.345-9.283-1.087-12.333-0.345-1.326-0.716-2.917-0.875-3.58s-0.371-2.52-0.477-4.111c-0.212-3.58-1.379-7.002-2.891-8.699-0.53-0.583-1.247-1.565-1.618-2.201-0.637-1.114-4.853-5.145-5.357-5.145-0.133 0-0.928-0.637-1.75-1.406-0.822-0.796-2.069-1.803-2.785-2.281-0.69-0.477-1.432-1.114-1.644-1.459-0.239-0.345-0.849-0.849-1.406-1.114-2.228-1.14-3.713-2.148-5.145-3.448-0.849-0.769-1.883-1.459-2.334-1.565s-1.406-0.69-2.069-1.273c-3.952-3.501-6.365-4.615-13.234-6.153-3.607-0.796-5.278-1.406-6.551-2.387-0.822-0.637-1.087-0.69-1.963-0.504-1.83 0.398-3.819 0.212-5.543-0.53-0.902-0.371-2.122-0.69-2.705-0.69s-1.644-0.133-2.36-0.292c-1.273-0.292-1.379-0.292-4.323 1.008-3.819 1.697-6.020 2.387-8.195 2.599-3.58 0.371-6.577 1.353-11.802 3.872-2.785 1.326-5.994 2.97-7.161 3.633s-2.599 1.459-3.183 1.75c-0.583 0.318-1.989 1.326-3.156 2.281-2.042 1.671-2.811 2.758-2.811 4.031 0 0.928-0.61 1.644-2.413 2.838-3.74 2.493-6.763 2.148-12.094-1.379-1.618-1.061-3.448-2.095-4.058-2.281-0.637-0.186-1.75-0.743-2.52-1.247-0.875-0.583-1.91-1.008-2.891-1.167-0.955-0.159-2.387-0.716-3.819-1.485-3.342-1.83-4.747-2.546-6.551-3.368-0.875-0.398-2.175-1.193-2.917-1.777-0.716-0.583-1.671-1.114-2.122-1.22-0.424-0.080-2.52-0.743-4.641-1.432-2.122-0.716-4.588-1.406-5.49-1.565-0.875-0.133-2.97-0.663-4.641-1.167-3.236-1.008-5.145-1.512-11.882-3.156-2.413-0.583-5.437-1.353-6.763-1.697-1.3-0.371-3.633-0.822-5.172-1.034s-3.501-0.557-4.376-0.769c-4.721-1.087-6.922-1.485-9.548-1.724-1.591-0.159-3.209-0.318-3.58-0.398-0.371-0.053-2.997 0-5.835 0.133z"
				],
				"attrs": [
					{}
				],
				"isMulticolor": false,
				"defaultCode": 58913,
				"grid": 0
			},
			"attrs": [
				{}
			],
			"properties": {
				"id": 33,
				"order": 101,
				"prevSize": 32,
				"code": 58913,
				"name": "go"
			},
			"setIdx": 0,
			"setId": 1,
			"iconIdx": 38
		},
		{
			"icon": {
				"paths": [
					"M473.6 393.6h-108.8v326.4h-76.8v-326.4h-108.8v-60.8h294.4v60.8zM720 620.8c0-16-6.4-25.6-16-35.2s-28.8-16-54.4-25.6c-44.8-12.8-80-28.8-105.6-48-22.4-19.2-35.2-41.6-35.2-73.6s12.8-57.6 41.6-76.8c25.6-19.2 60.8-28.8 102.4-28.8s76.8 12.8 102.4 35.2c25.6 22.4 38.4 51.2 38.4 83.2v0h-73.6c0-19.2-6.4-32-19.2-44.8-12.8-9.6-28.8-16-51.2-16-19.2 0-35.2 3.2-48 12.8s-16 22.4-16 35.2c0 12.8 6.4 22.4 19.2 32s32 16 64 25.6c41.6 12.8 73.6 28.8 96 48s32 44.8 32 76.8c0 32-12.8 60.8-38.4 76.8-25.6 19.2-60.8 28.8-102.4 28.8s-80-9.6-108.8-32-48-51.2-44.8-92.8v0h73.6c0 22.4 6.4 38.4 22.4 51.2 12.8 9.6 35.2 16 57.6 16s38.4-3.2 48-12.8c12.8-9.6 16-19.2 16-35.2z"
				],
				"attrs": [
					{}
				],
				"isMulticolor": false,
				"defaultCode": 58914,
				"grid": 0
			},
			"attrs": [
				{}
			],
			"properties": {
				"id": 34,
				"order": 102,
				"prevSize": 32,
				"code": 58914,
				"name": "ts"
			},
			"setIdx": 0,
			"setId": 1,
			"iconIdx": 39
		},
		{
			"icon": {
				"paths": [
					"M707.38-0c504.615 342.963 341.351 720.565 341.351 720.565s143.474 161.599 85.741 303.408c0 0-59.345-98.952-158.297-98.952-95.623 0-151.691 98.952-344.627 98.952-428.73 0.026-631.548-357.786-631.548-357.786 386.031 254.368 649.674 74.194 649.674 74.194-174.124-101.171-544.143-583.724-544.143-583.724 322.512 274.317 461.705 346.266 461.705 346.266-83.336-68.593-316.593-403.972-316.593-403.972 186.648 188.841 557.354 451.797 557.354 451.797 105.716-290.673-100.616-550.748-100.616-550.748z"
				],
				"attrs": [
					{}
				],
				"isMulticolor": false,
				"width": 1148,
				"grid": 0,
				"tags": [
					"swif"
				]
			},
			"attrs": [
				{}
			],
			"properties": {
				"order": 103,
				"id": 35,
				"prevSize": 32,
				"code": 58915,
				"name": "swift"
			},
			"setIdx": 0,
			"setId": 1,
			"iconIdx": 40
		},
		{
			"icon": {
				"paths": [
					"M911.055 301.057c-0.005-17.221-3.689-32.434-11.132-45.495-7.317-12.842-18.268-23.601-32.96-32.113-121.295-69.935-242.706-139.66-363.965-209.669-32.689-18.877-64.38-18.189-96.831 0.956-48.277 28.479-289.991 166.961-362.017 208.679-29.663 17.172-44.098 43.451-44.103 77.609-0.047 140.652 0 281.298-0.047 421.949 0.005 16.843 3.533 31.763 10.652 44.621 7.317 13.226 18.427 24.284 33.459 32.988 72.032 41.722 313.776 180.189 362.042 208.674 32.464 19.148 64.156 19.833 96.858 0.959 121.257-70.012 242.676-139.734 363.985-209.672 15.029-8.698 26.142-19.762 33.459-32.982l-182.129-105.504c-52.13 91.1-150.29 152.504-262.777 152.504-112.282 0-210.28-61.157-262.492-151.992-25.487-44.344-40.072-95.748-40.072-150.57 0-167.1 135.461-302.559 302.564-302.559 111.928 0 209.652 60.79 261.994 151.142l-131.69 75.825c-26.098-44.873-74.66-75.068-130.303-75.068-83.205 0-150.663 67.452-150.663 150.66 0 27.211 7.251 52.714 19.869 74.745 25.969 45.336 74.789 75.912 130.791 75.912 56.351 0 105.444-30.965 131.279-76.784l313.622 181.683c7.103-12.861 10.641-27.781 10.647-44.624 0.011 0.003 0.011-281.224-0.038-421.875z"
				],
				"attrs": [
					{}
				],
				"isMulticolor": false,
				"width": 911,
				"grid": 0,
				"tags": [
					"c"
				]
			},
			"attrs": [
				{}
			],
			"properties": {
				"order": 104,
				"id": 37,
				"prevSize": 32,
				"code": 58918,
				"name": "c"
			},
			"setIdx": 0,
			"setId": 1,
			"iconIdx": 41
		},
		{
			"icon": {
				"paths": [
					"M911.055 301.057c-0.005-17.221-3.689-32.434-11.132-45.493-7.317-12.842-18.271-23.604-32.963-32.113-121.295-69.935-242.706-139.66-363.963-209.669-32.689-18.877-64.38-18.189-96.831 0.956-48.277 28.477-289.991 166.958-362.017 208.677-29.663 17.172-44.098 43.451-44.103 77.609-0.047 140.652 0 281.298-0.047 421.949 0.005 16.843 3.533 31.763 10.652 44.624 7.317 13.226 18.427 24.284 33.459 32.988 72.032 41.719 313.776 180.189 362.042 208.671 32.464 19.151 64.156 19.836 96.858 0.959 121.257-70.012 242.676-139.734 363.985-209.672 15.032-8.698 26.142-19.762 33.459-32.982l-182.127-105.504c-52.133 91.1-150.29 152.504-262.777 152.504-112.282 0-210.28-61.157-262.492-151.992-25.487-44.342-40.072-95.748-40.072-150.57 0-167.1 135.461-302.559 302.564-302.559 111.928 0 209.652 60.787 261.994 151.142l-131.69 75.825c-26.098-44.873-74.66-75.068-130.303-75.068-83.205 0-150.663 67.455-150.663 150.66 0 27.211 7.251 52.714 19.869 74.745 25.969 45.336 74.789 75.915 130.791 75.915 56.351 0 105.444-30.965 131.282-76.784l313.619 181.683c7.106-12.861 10.641-27.781 10.647-44.624 0.005-0 0.005-281.224-0.041-421.878zM760.209 528.997h-34.654v34.659h-34.659v-34.659h-34.657v-34.657h34.657v-34.657h34.659v34.657h34.654v34.657zM886.67 528.997h-34.657v34.659h-34.665v-34.659h-34.654v-34.657h34.654v-34.657h34.665v34.657h34.657v34.657z"
				],
				"attrs": [
					{}
				],
				"isMulticolor": false,
				"width": 911,
				"grid": 0,
				"tags": [
					"cpp"
				]
			},
			"attrs": [
				{}
			],
			"properties": {
				"order": 105,
				"id": 36,
				"prevSize": 32,
				"code": 58917,
				"name": "cpp"
			},
			"setIdx": 0,
			"setId": 1,
			"iconIdx": 42
		}
	],
	"height": 1024,
	"metadata": {
		"name": "icomoon"
	},
	"preferences": {
		"showGlyphs": true,
		"showQuickUse": true,
		"showQuickUse2": true,
		"showSVGs": true,
		"fontPref": {
			"prefix": "icon-icons_",
			"metadata": {
				"fontFamily": "icomoon",
				"majorVersion": 1,
				"minorVersion": 0
			},
			"metrics": {
				"emSize": 1024,
				"baseline": 6.25,
				"whitespace": 50
			},
			"includeMetadata": false,
			"showSelector": false,
			"showMetrics": false,
			"showMetadata": false,
			"showVersion": false,
			"cssVars": true,
			"cssVarsFormat": "less",
			"embed": false
		},
		"imagePref": {
			"prefix": "icon-",
			"png": true,
			"useClassSelector": true,
			"color": 4473924,
			"bgColor": 16777215
		},
		"historySize": 100,
		"showCodes": true,
		"showLiga": false,
		"gridSize": 16
	}
}